authority_text,usc_title,parsed_section,lettered_section_that_exists,rows
16 USC 460(q),16,460,460q,55
12 U.S.C. 1462(a),12,1462,1462a,50
16 USC 668(dd) to 668(ee),16,668,668dd,41
42 USC 1395(hh),42,1395,1395hh,40
21 USC 346(a),21,346,346a,40
12 U.S.C. 1831(o),12,1831,1831o,36
16 USC 559(a) to 559(g),16,559,559a,35
16 USC 460(g),16,460,460g,33
42 USC 7671 to 7671(q),42,7671,7671q,33
16 USC 472(a),16,472,472a,31
21 USC 346(a) et seq,21,346,346a,31
16 USC 715(i),16,715,715i,30
42 USC 300(f) et seq,42,300,300f,30
12 USC 1831(o),12,1831,1831o,27
21 U.S.C. 136 and 136(a),21,136,136a,24
21 USC 346(a) FFDCA,21,346,346a,22
12 USC 1715(b),12,1715,1715b,22
42 USC 300(f) SDWA sec 1412,42,300,300f,22
16 USC 460(k) et seq,16,460,460k,21
15 USC 714(f),15,714,714f,20
15 USC 714(b),15,714,714b,20
47 U.S.C. 399(b),47,399,399b,20
12 U.S.C. 1831(n) (note),12,1831,1831n,20
15 USC 57(a),15,57,57a,20
"15 U.S.C. 18(a), Clayton Act",15,18,18a,19
42 U.S.C. 1395(hh),42,1395,1395hh,19
42 U.S.C. 7671 to 7671(q),42,7671,7671q,18
16 USC 521(c) to 521(i),16,521,521c,18
25 USC 396(d),25,396,396d,18
28 USC 589(b),28,589,589b,17
15 USC 77a(a),15,77a,77aa,17
42 USC 1395(cc),42,1395,1395cc,17
42 USC 1302 and 42 USC 1395(hh),42,1395,1395hh,15
25 U.S.C. 396(d),25,396,396d,15
42 USC 1395(fff),42,1395,1395fff,15
42 USC 7671(g) CAA sec 608,42,7671,7671g,14
29 U.S.C. 794(f),29,794,794f,14
12 USC 1735(f)-14,12,1735,1735f,14
16 USC 460(k),16,460,460k,14
42 U.S.C. 1395(fff),42,1395,1395fff,13
28 U.S.C. 589(b),28,589,589b,13
42 U.S.C. 6939(g),42,6939,6939g,13
42 USC 1437(d),42,1437,1437d,13
42 USC 7661(a)(d)(3),42,7661,7661a,13
42 U.S.C. 1395(m),42,1395,1395m,12
42 U.S.C. 1395(cc),42,1395,1395cc,12
"42 U.S.C. 1437(c)(8), 1437f(t)",42,1437,1437c,12
43 USC 315(a),43,315,315a,12
42 USC 629(b),42,629,629b,10
42 USC 1437(g),42,1437,1437g,10
22 U.S.C. 2651(a),22,2651,2651a,10
42 USC 1396(k),42,1396,1396k,9
25 U.S.C. 161(a),25,161,161a,9
42 USC 1437(p),42,1437,1437p,9
47 U.S.C. 615(a)(1) and 615(c),47,615,615a,9
"16 USC 664, 668dd to 668ee, 715(i)",16,715,715i,9
42 USC 1395(h),42,1395,1395h,8
12 U.S.C. 1831(m),12,1831,1831m,8
42 USC 300(g)(1) SDWA 1412,42,300,300g,8
16 U.S.C. 973 to 973(r),16,973,973r,8
12 USC 1831(e),12,1831,1831e,8
12 U.S.C. 1831(f),12,1831,1831f,8
"42 USC 7671(g) ""CAA 608""",42,7671,7671g,8
"12 USC 1701z-11(e), 1709(c)(1), 1713 and 1715(b)",12,1715,1715b,7
16 U.S.C. 460(k) et seq.,16,460,460k,7
42 USC 300(f) SDWA 1401,42,300,300f,7
"21 USC 346(a) ""FFDCA""",21,346,346a,7
29 USC 794(f),29,794,794f,7
21 U.S.C. 467(f),21,467,467f,7
42 USC 7671(k) CAA sec 612,42,7671,7671k,7
42 U.S.C. 1437(f),42,1437,1437f,7
42 USC 12651(c),42,12651,12651c,7
33 USC 892(a) to 892(b),33,892,892a,7
42 USC 300(f) to 300(j)-26,42,300,300f,6
42 U.S.C.6939(g),42,6939,6939g,6
42 USC 1437(c)(8),42,1437,1437c,6
42 USC 1395(i),42,1395,1395i,6
42 U.S.C. 1437(p),42,1437,1437p,6
12 U.S.C. 1795(f),12,1795,1795f,6
16 USC 669 to 669(k),16,669,669k,6
42 U.S.C. 7385(s)-10(e),42,7385,7385s,6
"42 USC 629b(a), 42 USC 652(a), 42 USC 654(a), 42 USC 671(a), 42 USC 1302, 42 USC 1396(a)",42,654,654a,6
7 U.S.C. 3319(a),7,3319,3319a,5
12 U.S.C. 1790(d),12,1790,1790d,5
42 USC 1395(m)(3),42,1395,1395m,5
42 USC 300(j)(9),42,300,300j,5
42 USC 7671(k),42,7671,7671k,5
42 U.S.C. 6939(f),42,6939,6939f,5
42 USC 1395(bb),42,1395,1395bb,5
"16 U.S.C. 472, 551, 620(f), 1133(c),&(d)(1), 1246(i)",16,620,620f,5
43 USC 315(a) to 315(r),43,315,315a,5
42 USC 300(h),42,300,300h,5
31 U.S.C. 3720(E),31,3720,3720e,5
"29 USC secs 794, 794(f)(2)",29,794,794f,5
42 USC 7671(g) CAA 608,42,7671,7671g,5
12 USC 92(a),12,92,92a,5
21 USC 346(a) to 346(q),21,346,346a,5
42 U.S.C. 8287 to 8287(d),42,8287,8287d,5
31 U.S.C. 3720(D),31,3720,3720d,5
42 U.S.C. 7385(e),42,7385,7385e,5
21 USC 346(a)(q),21,346,346a,5
7 USC 2206(a),7,2206,2206a,4
15 USC 77(s)(a),15,77,77s,4
42 USC 1395(g),42,1395,1395g,4
12 USC 1713 and 1715(b),12,1715,1715b,4
42 USC 300(f) SDWA 1412,42,300,300f,4
42 USC 300(g)(3) SDWA 1415,42,300,300g,4
42 USC 300(g)(4) SDWA 1416,42,300,300g,4
"16 USC 664, 16 USC 668(dd), 16 USC 685, 16 USC 690(d), 16 USC 715(i), 16 USC 725",16,690,690d,4
7 U.S.C 6(s)e,7,6,6s,4
42 USC 300(g)(2) SDWA 1414,42,300,300g,4
15 USC 1681(m),15,1681,1681m,4
42 USC 300(g)(1) SDWA 1413,42,300,300g,4
"16 USC 664, 16 USC 668(dd), 16 USC 685, 16 USC 690(d), 16 USC 715(i), 16 USC 725",16,668,668dd,4
7 USC 6(f),7,6,6f,4
12 USC 1757 to 1757(a),12,1757,1757a,4
42 USC 300(j)(4) SDWA 1445,42,300,300j,4
16 USC 664 and 668(dd),16,668,668dd,4
42 USC 300(j)(4) SDWA 1450,42,300,300j,4
42 USC 1395(L),42,1395,1395l,4
21 U.S.C. 346(a) et seq.,21,346,346a,4
16 USC 715(i) and 725,16,715,715i,4
15 USC 714(b) and (c),15,714,714b,4
42 USC 1396(o),42,1396,1396o,4
"16 USC 3, 16 USC 472, 16 USC 551, 16 USC 668(dd), 16 USC 3101 to 3126",16,668,668dd,4
21 U.S.C. 387(b),21,387,387b,4
12 USC 1790(d),12,1790,1790d,4
47 U.S.C. 615(c),47,615,615c,4
16 U.S.C. 971(a),16,971,971a,4
16 USC 685 and 690(d),16,690,690d,4
"42 U.S.C. 300g-3(h)(6), 42 U.S.C. 300(g)-2(a)(6), and 42 U.S.C. 300j-9(a)(1)",42,300,300g,4
7 USC 1736(o),7,1736,1736o,4
21 U.S.C. 387(g),21,387,387g,4
43 USC 375(e),43,375,375e,4
"16 U.S.C. 460l-6d, 472, 551, 620(f), 1133(c)-(d)(1), 1246(i), 1271 et seq.",16,620,620f,4
42 USC 300(g)(5) SDWA 1445,42,300,300g,4
42 USC 1395(n),42,1395,1395n,4
"16 USC 664, 16 USC 668(dd), 16 USC 685, 16 USC 690(d), 16 USC 715(i), 16 USC 725",16,715,715i,4
(42 USC 1302 and 1395(hh)),42,1395,1395hh,4
47 USC 399(b),47,399,399b,4
42 USC 1302 and 1395(hh),42,1395,1395hh,4
42 USC 1437(j),42,1437,1437j,3
"16 USC 460(k), 664, 668(dd), 685, 690(d), 715(i), 725",16,460,460k,3
16 USC 825(h),16,825,825h,3
"16 USC 3, 472, 551, 668(dd), 3101 to 3126",16,668,668dd,3
47 U.S.C. 615(a) and 615(b),47,615,615a,3
16 USC 460(k) to 460(k)(4),16,460,460k,3
15 USC 205(e),15,205,205e,3
19 U.S.C. 1551(a),19,1551,1551a,3
"16 U.S.C. 460l-6d, 472, 551, 620(f), 1133(c)-(d)(1), 1246(i)",16,620,620f,3
15 U.S.C. 77(h),15,77,77h,3
42 USC 1396(h),42,1396,1396h,3
42 USC 7671(c)(d)(6),42,7671,7671c,3
"42 USC 300(f), SDWA sec 1412",42,300,300f,3
15 U.S.C. 80b-6(a),15,80b-6,80b-6a,3
43 USC 931(c),43,931,931c,3
42 USC 1395(LL),42,1395,1395ll,3
"42 U.S.C. 7414, 7601, 7671 to 7671(q)",42,7671,7671q,3
16 USC 668(dd)-(ee),16,668,668dd,3
21 USC 346(a) to (q),21,346,346a,3
15 U.S.C. 77(f),15,77,77f,3
15 U.S.C. 77(j),15,77,77j,3
"16 USC 460(k), 664, 668(dd), 685, 690(d), 715(i), 725",16,690,690d,3
"42 USC 7414, 7601, 7671 to 7671(q)",42,7671,7671q,3
12 USC 1831(i),12,1831,1831i,3
12 U.S.C. 1772(a),12,1772,1772a,3
16 U.S.C. 460(k) et seq,16,460,460k,3
12 USC 1701(x),12,1701,1701x,3
21 USC 346 to 346(a),21,346,346a,3
12 USC 1795(f),12,1795,1795f,3
15 U.S.C. 77(g),15,77,77g,3
15 U.S.C. 77(s),15,77,77s,3
"16 USC 460(k), 664, 668(dd), 685, 690(d), 715(i), 725",16,715,715i,3
42 USC 12645(g),42,12645,12645g,3
"16 USC 460(k), 664, 668(dd), 685, 690(d), 715(i), 725",16,668,668dd,3
16 USC 410(hh) to 3233,16,410,410hh,3
12 USC 1715(y),12,1715,1715y,3
15 U.S.C. 57(a),15,57,57a,3
42 USC 1395(b),42,1395,1395b,2
33 USC 892(a),33,892,892a,2
15 U.S.C. 717 to 717(w),15,717,717w,2
42 USC 300(h) SDWA 1421 to 1425,42,300,300h,2
26 U.S.C. 6039(F),26,6039,6039f,2
10 USC 876(b),10,876,876b,2
42 USC 300(g)2,42,300,300g,2
42 USC 300(j)9,42,300,300j,2
42 USC 7671(g) Clean Air Act section 608,42,7671,7671g,2
42 USC 1395(rr)1,42,1395,1395rr,2
42 USC 300(j)11,42,300,300j,2
"22 USC 211a, 213, 2651(a), 2671(d)(3), 2714, 3926",22,2651,2651a,2
42 USC 629 to 629(c),42,629,629c,2
42 USC 1396(u)(3),42,1396,1396u,2
47 USC 615(a)(1) and 615(c),47,615,615a,2
16 USC 973 to 973(R),16,973,973r,2
7 USC 1431(e),7,1431,1431e,2
42 USC 300(f)(4) SDWA sec 1445,42,300,300f,2
16 U.S.C. 831 to 831(ee),16,831,831ee,2
42 U.S.C. 7671 to 7671(g),42,7671,7671g,2
15 U.S.C. 717 to 717(z),15,717,717z,2
12 USC 1831(n) note,12,1831,1831n,2
15 USC 714(c) to 714(f),15,714,714c,2
16 USC 777(c),16,777,777c,2
7 USC 1736(f),7,1736,1736f,2
"42 USC 1395(b)(3)(C), subpart H",42,1395,1395b,2
12 USC 1831(a),12,1831,1831a,2
16 USC 777(g) and 777g-1,16,777,777g,2
42 USC 1395(k),42,1395,1395k,2
"12 USC 1708(c), 1708(d), 1709(s), 1735(f)-14",12,1735,1735f,2
33 USC 892(b),33,892,892b,2
42 USC 300(g)(3c),42,300,300g,2
42 USC 7671(g),42,7671,7671g,2
25 USC 396(A) et seq,25,396,396a,2
21 USC 360(nn),21,360,360nn,2
"42 USC 7671(k) ""CAA 612""",42,7671,7671k,2
"42 USC 629(b)(a), 42 USC 652(a), 42 USC 654(a), 42 USC 671(a), 42 USC 1302, 42 USC 1396(a)",42,654,654a,2
7 USC 3319(a),7,3319,3319a,2
12 USC 1462(a),12,1462,1462a,2
42 U.S.C. 1395(x),42,1395,1395x,2
15 USC 1681(s),15,1681,1681s,2
"15 USC 636(b),15 USC 657(n)",15,657,657n,2
7 U.S.C. 6(p),7,6,6p,2
26 U.S.C. 4980(G),26,4980,4980g,2
16 USC 668(dd) to (ee),16,668,668dd,2
16 USC 559(a),16,559,559a,2
42 USC 7671(g) Clean Air Act sec 608,42,7671,7671g,2
29 USC 794(e),29,794,794e,2
42 USC 1395(a),42,1395,1395a,2
42 USC 1320(a),42,1320,1320a,2
"42 USC 629(b)(a), 42 USC 652(a), 42 USC 654(a), 42 USC 671(a), 42 USC 1302, 42 USC 1396(a)",42,629,629b,2
12 USC 1831(n) (note),12,1831,1831n,2
15 USC 330 to 330(e),15,330,330e,2
12 U.S.C. 1831(o)-1,12,1831,1831o,2
42 USC 1395(l),42,1395,1395l,2
42 USC 1395(o),42,1395,1395o,2
42 USC 12651(d),42,12651,12651d,2
42 USC 300(f) SDWA,42,300,300f,1
"16 USC 668(dd), 685, 725, 690(d), 715(i), 664",16,715,715i,1
16 USC 773 to 773(k),16,773,773k,1
42 USC 300(g)(1-5),42,300,300g,1
42 USC 300(j)(11),42,300,300j,1
"16 USC 668(dd), 685, 725, 690(d), 715(i), 664",16,668,668dd,1
42 USC 1320(c),42,1320,1320c,1
42 USC 1320(d)2,42,1320,1320d,1
42 USC 1395(w)21 to 27,42,1395,1395w,1
16 U.S.C. 777(c),16,777,777c,1
7 U.S.C. 6(s),7,6,6s,1
42 U.S.C. 300(f) et seq. Safe Drinking Water Act,42,300,300f,1
42 U.S.C. 7671 to 7671(q) Clean Air Act,42,7671,7671q,1
"42 U.S.C. 300g-3(h)(6), 42 U.S.C. 300(g)-2(a)(6), and 42 USC 300j-9(a)(1)",42,300,300g,1
21 USC 379(e),21,379,379e,1
12 USC 1715(g)(4),12,1715,1715g,1
42 USC 8259(b),42,8259,8259b,1
47 U.S.C. 615(a)-1,47,615,615a,1
12 USC 1735(f),12,1735,1735f,1
"43 USC 315, 315(a) to 315(r)",43,315,315a,1
42 USC 1395(v)(1)(l),42,1395,1395v,1
21 USC 346(a) FFDCA sec 408,21,346,346a,1
16 U.S.C. 777(g) and 777g-1,16,777,777g,1
21 U.S.C. 346(a),21,346,346a,1
"12 USC 1708(c), 1708(d), 1709(s), 1715b and 1735(f)14",12,1735,1735f,1
42 USC 7661 to 7661(f),42,7661,7661f,1
21 U.S.C. 379(e),21,379,379e,1
20 USC 1231(g)(a),20,1231,1231g,1
21 USC 379(g) to 379(h),21,379,379g,1
16 USC 460bbb(b),16,460bbb,460bbbb,1
42 USC 1320(d)(5),42,1320,1320d,1
21 USC 346(a) - (q),21,346,346a,1
7 USC 473(d),7,473,473d,1
42 USC 7671(k) CAA 612,42,7671,7671k,1
42 U.S.C. 300(f) et seq Safe Drinking Water Act,42,300,300f,1
26 U.S.C. 45(J),26,45,45j,1
20 USC 1019 to 1019(d),20,1019,1019d,1
"42 USC 1395(fff), PL 111-148 secs 3131, 3401, 6407",42,1395,1395fff,1
15 USC 714(c),15,714,714c,1
15 USC 80b-6(a),15,80b-6,80b-6a,1
42 USC 300(g)(3)(b),42,300,300g,1
21 USC 346(a)to(q),21,346,346a,1
12 U.S.C. 1831(n) note,12,1831,1831n,1
42 U.S.C. 7651(K),42,7651,7651k,1
16 U.S.C. 824(p)(h),16,824,824p,1
12 U.S.C. 1795(f)(a)(2),12,1795,1795f,1
7 USC 473(a),7,473,473a,1
12 USC 371(d),12,371,371d,1
15 USC 77(s),15,77,77s,1
21 USC 346(a) FDCA sec 408,21,346,346a,1
42 USC 1395(ss),42,1395,1395ss,1
16 USC 497(b),16,497,497b,1
42 USC 300(j)(4),42,300,300j,1
"29 U.S.C. 218(c), FLSA sec 18C",29,218,218c,1
"5 USC. 301: 16 USC. 460(k) et seq, 668dd-668ee, as amended, 742(a) et seq, 301 et seq",16,460,460k,1
"16 USC 472, 551, 620(f), 1133(c) and (d)(1), 1246(i)",16,620,620f,1
15 USC 77(ttt),15,77,77ttt,1
42 USC 300(f),42,300,300f,1
"16 USC 668(dd), 685, 725, 690(d), 715(i), 664",16,690,690d,1
"21 U.S.C. 321, 341, 343, 348, 371, 379(e)",21,379,379e,1
7 U.S.C. 6(r),7,6,6r,1
"16 U.S.C. 460l-6d, 472, 551, 620(f), 1133(c)-(d)(1),1246(i).",16,620,620f,1
15 USC 77(c) to 77(d),15,77,77c,1
15 USC 57(a) Federal Trade Commission Act,15,57,57a,1
"15 USC 636(b), 657(n)",15,657,657n,1
31 U.S.C. 3720(d),31,3720,3720d,1
25 USC 396(d) and 2107,25,396,396d,1
42 USC 300(f) to 300(j) to 26,42,300,300f,1
42 U.S.C.1395(i),42,1395,1395i,1
42 U.S.C. 1395(n),42,1395,1395n,1
7 U.S.C. 1(a),7,1,1a,1
15 U.S.C. 657(n),15,657,657n,1
42 USC 7671 to 7671(g),42,7671,7671g,1
