eo_number,signing_date,title,fr_citation
8031,1939-01-09,"Revocation of Executive Order No. 4130 of January 22, 1925, Withdrawing Public Land for Fish Hatchery; Oregon","4 FR 193, January 12, 1939"
8032,1939-01-10,Exemption of Mrs. Cora M. Armstrong From Compulsory Retirement for Age,
8033,1939-01-11,Designating the Director of Planning of the National Capital Park and Planning Commission as a Member of the Alley Dwelling Authority,"4 FR 223, January 13, 1939"
8034,1939-01-14,Establishing the Federal Real Estate Board,"4 FR 249, January 17, 1939"
8035,1939-01-16,"Amendment of Paragraph 5, Subdivision IV, Schedule B, Civil Service Rules","4 FR 271, January 19, 1939"
8036,1939-01-18,Amending the Foreign Service Regulations of the United States,"4 FR 377, January 20, 1939"
8037,1939-01-18,Establishing the Piedmont Wildlife Refuge; Georgia,"4 FR 391, January 21, 1939"
8038,1939-01-25,Establishing the Cabeza Prieta Game Range; Arizona,"4 FR 437, January 27, 1939"
8039,1939-01-25,Establishing the Kofa Game Range; Arizona,"4 FR 438, January 27, 1939"
8040,1939-01-25,Regulations Governing the Payment of Additional Compensation to Enlisted Men of the Navy Specially Qualified in the Use of Arms,"4 FR 438, January 27, 1939"
8041,1939-01-25,Exemption of Henry Clarke Hill From Compulsory Retirement for Age,
8042,1939-01-30,"Authorizing Initial Appointments to Certain Positions in the Air Safety Board, Civil Aeronautics Authority, Without Compliance With the Civil Service Rules","4 FR 481, February 1, 1939"
8043,1939-01-31,Amending Schedules A and B of the Civil Service Rules,"4 FR 493, February 2, 1939"
8044,1939-01-31,"Postponing the Effective Date of Executive Order No. 7916 of June 24, 1938, With Respect to Certain Positions and Providing for a Committee To Investigate and Report Methods for Selecting and Promoting Certain Personnel in Civil Service","4 FR 497, February 2, 1939"
8045,1939-02-08,Authorizing the Appointment of Frederick Morgan Davenport to a Classified Position in the Civil Service Commission and Designating Him as a Member and Chairman of the Council of Personnel Administration,"4 FR 695, February 11, 1939"
8046,1939-02-11,Exemption of Louis A. Simon From Compulsory Retirement for Age,
8047,1939-02-11,Exemption of Edward B. Russ From Compulsory Retirement for Age,
8048,1939-02-14,Exemption of John G. Crane From Compulsory Retirement for Age,
8049,1939-02-15,Exemption of George W. Patterson From Compulsory Retirement for Age,
8050,1939-02-15,Exemption of Robert F. Whitehead From Compulsory Retirement for Age,
8051,1939-02-15,Limiting the Importation of Red Cedar Shingles From Canada During the First Six Months of 1939,"4 FR 959, February 18, 1939"
8052,1939-02-23,Designating the Honorable Angel R. de Jesus as Acting Judge of the District Court of the United States for Puerto Rico,"4 FR 1023, February 28, 1939"
8053,1939-02-23,"Partial Revocation of Executive Orders of January 24, 1914; California and Oregon","4 FR 1023, January 28, 1939"
8054,1939-02-23,Placing Certain Land Under the Control and Jurisdiction of the Secretary of the Treasury; Alaska,"4 FR 1023, February 28, 1939"
8055,1939-02-23,Transfer of Jurisdiction Over Certain Lands From the Secretary of Agriculture to the Secretary of the Interior,"4 FR 1024, February 28, 1939"
8056,1939-02-23,"Amendment of Paragraph 4, Subdivision IV, Schedule B, Civil Service Rules","4 FR 1025, February 28, 1939"
8057,1939-02-23,Transfer of Certain Lands From the Secretary of Agriculture to the Secretary of the Interior; Virginia,"4 FR 1025, February 28, 1939"
8058,1939-02-23,Exemption of Alex Hrdlicka From Compulsory Retirement for Age,
8059,1939-03-03,"Transferring the Use, Possession, and Control of Certain Lands to the Tennessee Valley Authority; Alabama","4 FR 1119, March 7, 1939"
8060,1939-03-07,Exemption of Fred C. Bailey From Compulsory Retirement for Age,
8061,1939-03-07,Transferring Certain Land to the Control and Jurisdiction of the Treasury Department; Virgin Islands,"4 FR 1181, March 10, 1939"
8062,1939-03-07,Tariff of Fees of Officers of United States Court for China,"4 FR 1181, March 10, 1939"
8063,1939-03-07,Authorizing Initial Appointments to Certain Executive Positions in the Railroad Retirement Board Without Compliance With the Civil Service Rules,"4 FR 1183, March 10, 1939"
8064,1939-03-09,"Designating Fairbanks, Alaska, as a Customs Port of Entry, and Discontinuing Seward, Alaska, as a Customs Port of Entry","4 FR 1191, March 11, 1939"
8065,1939-03-14,Establishing the Necedah Migratory Waterfowl Refuge; Wisconsin,"4 FR 1241, March 17, 1939"
8066,1939-03-17,Ratification of Appointments of Walter Kearney and Stanley D. Zaveckas to State Department,
8067,1939-03-17,Establishing the Carolina Sandhills Wildlife Refuge; South Carolina,"4 FR 1257, March 21, 1939"
8068,1939-03-20,"Amendment of Rules 17 and 18 of Executive Order No. 4314 of September 25, 1925, Establishing Rules Governing Navigation of the Panama Canal and Adjacent Waters","4 FR 1258, March 21, 1939"
8069,1939-03-20,"Revoking the Designation of Gateway, Montana, as a Customs Port of Entry","4 FR 1259, March 21, 1939"
8070,1939-03-21,Exemption of Sims Ely From Compulsory Retirement for Age,
8071,1939-03-21,Establishing the Federal Interdepartmental Safety Council,"4 FR 1291, March 23, 1939"
8072,1939-03-21,Withdrawal of Public Land for Use of the Navy Department for Naval Aviation Purposes; Washington,"4 FR 1291, March 23, 1939"
8073,1939-03-23,Exemption of Newton C. Lammond From Compulsory Retirement for Age,
8074,1939-03-25,Exemption of George K. Larrison From Compulsory Retirement for Age,
8075,1939-04-04,Exemption of Glenn S. Smith From Compulsory Retirement for Age,
8076,1939-04-04,Amending the Foreign Service Regulations of the United States,"4 FR 1473, April 7, 1939"
8077,1939-04-04,Amending the Foreign Service Regulations of the United States,"4 FR 1474, April 7, 1939"
8078,1939-04-04,Amending the Foreign Service Regulations of the United States,"4 FR 1475, April 7, 1939"
8079,1939-04-04,"Changing the Name of the Customs Port of Entry of Mars Hill, Maine, to Bridgewater, Maine","4 FR 1475, April 7, 1939"
8080,1939-04-04,"Revoking the Designation of Fair Haven, New York, as a Customs Port of Entry","4 FR 1475, April 7, 1939"
8081,1939-04-05,Establishing the Anclote Migratory Bird Refuge; Florida,"4 FR 1475, April 7, 1939"
8082,1939-04-08,Appointment of Mrs. Esther H. Soter to a Classified Position in Federal Trade Commission,
8083,1939-04-10,"Extending the Provisions of the Civil Service Retirement Act to Certain Federal Employees, and Amending Civil Service Rule II","4 FR 1577, April 12, 1939"
8084,1939-04-11,Amending the Foreign Service Regulations of the United States,"4 FR 1595, April 13, 1939"
8085,1939-04-11,Withdrawal of Public Land for Forest Ranger Station; Colorado,"4 FR 1597, April 13, 1939"
8086,1939-04-11,Establishing the Morgan Farm Wildlife Refuge; Vermont,"4 FR 1611, April 14, 1939"
8087,1939-04-12,Excluding Certain Tracts of Land From the Chugach and Tongass National Forests and Restoring Them to Entry; Alaska,"4 FR 1612, April 14, 1939"
8088,1939-04-12,"Revocation of Executive Order No. 5789 of February 2, 1932, and Partial Revocation of Executive Order No. 5792 of February 2, 1932, Withdrawing Public Lands; California and Nevada","4 FR 1612, April 14, 1939"
8089,1939-04-13,Withdrawal of Public Lands for Use of the War Department for Flood Control Purposes; Oklahoma,"4 FR 1619, April 15, 1939"
8090,1939-04-15,Restoring to the Commonwealth of the Philippines a Part of the Military Reservation of Nozaleda,"4 FR 1641, April 19, 1939"
8091,1939-04-15,"Modifying Executive Order No. 2224 of July 19, 1915, and Reserving Certain Lands for Use of the Department of Agriculture; Alaska","4 FR 1641, April 19, 1939"
8092,1939-04-17,Amendment of Schedule B of the Civil Service Rules,"4 FR 1642, April 19, 1939"
8093,1939-04-17,"Revocation of Executive Order No. 6119 of May 2, 1933, Withdrawing Public Lands; California","4 FR 1649, April 20, 1939"
8094,1939-04-19,Exemption of Zeke Johnson From Compulsory Retirement for Age,
8095,1939-04-19,"Transfer of Jurisdiction Over Certain Lands From the Secretary of Agriculture to the Secretary of the Interior, and Withdrawal of Lands From the Public Domain for the Use of the Department of Agriculture; New Mexico","4 FR 1662, April 21, 1939"
8096,1939-04-21,Exemption of William C. Shambaugh From Compulsory Retirement for Age,
8097,1939-04-24,Exemption of Charles J. Carlton From Compulsory Retirement for Age,
8098,1939-04-24,"Revocation of Executive Order No. 5538 of January 23, 1931, Withdrawing Public Lands; Colorado","4 FR 1697, April 27, 1939"
8099,1939-04-28,"Administration of Benefits Provided by Act of Congress Approved April 3, 1939","4 FR 1725, May 2, 1939"
8100,1939-04-28,Enlarging the Homochitto National Forest; Mississippi,"4 FR 1725, May 2, 1939"
8101,1939-04-28,Withdrawal of Public Land for Use of the War Department as a Target Range for the Wyoming National Guard; Wyoming,"4 FR 1725, May 2, 1939"
8102,1939-04-29,Withdrawal of Public Lands for Use as a Military Reservation; Alaska,"4 FR 1726, May 2, 1939"
8103,1939-05-02,"Amendment of Executive Order No. 7302 of February 21, 1936, Transferring Certain Lands to the Control and Jurisdiction of the Secretary of the Navy","4 FR 1771, May 4, 1939"
8104,1939-05-02,Establishing the Little Pend Oreille Wildlife Refuge; Washington,"4 FR 1771, May 4, 1939"
8105,1939-05-03,Exemption of Herbert E. Lucas From Compulsory Retirement for Age,
8106,1939-05-03,Exemption of Frank B. Bourn From Compulsory Retirement for Age,
8107,1939-05-03,"Amendment of Executive Order No. 7293 of February 14, 1936, as Amended by Executive Order No. 7831 of March 7, 1938, Prescribing Regulations Governing the Granting of Allowances for Quarters and Subsistence to Enlisted Men","4 FR 1903, May 5, 1939"
8108,1939-05-03,"Revocation of Executive Order No. 6644 of March 14, 1934, Withdrawing Public Lands; Colorado","4 FR 1903, May 5, 1939"
8109,1939-05-03,Connecting the Description of the Walanae-Kai Military Reservation and Restoring a Part Thereof to the Territory of Hawaii,"4 FR 1903, May 5, 1939"
8110,1939-05-10,Establishing the Appert Lake Migratory Waterfowl Refuge; North Dakota,"4 FR 1993, May 12, 1939"
8111,1939-05-10,Establishing Billings Lake Migratory Waterfowl Refuge; North Dakota,"4 FR 1993, May 12, 1939"
8112,1939-05-10,Establishing Bone Hill Creek Migratory Waterfowl Refuge; North Dakota,"4 FR 1993, May 12, 1939"
8113,1939-05-10,Establishing Buffalo Lake Migratory Waterfowl Refuge; North Dakota,"4 FR 1994, May 12, 1939"
8114,1939-05-10,Establishing the Camp Lake Migratory Waterfowl Refuge,"4 FR 1994, May 12, 1939"
8115,1939-05-10,Establishing Canfield Lake Migratory Waterfowl Refuge; North Dakota,"4 FR 1995, May 12, 1939"
8116,1939-05-10,Establishing Charles Lake Migratory Waterfowl Refuge; North Dakota,"4 FR 1995, May 12, 1939"
8117,1939-05-10,Establishing Dakota Lake Migratory Waterfowl Refuge; North Dakota,"4 FR 1995, May 12, 1939"
8118,1939-05-10,Establishing the Flickertail Migratory Waterfowl Refuge; North Dakota,"4 FR 1995, May 12, 1939"
8119,1939-05-10,Establishing Florence Lake Migratory Waterfowl Refuge; North Dakota,"4 FR 1995, May 12, 1939"
8120,1939-05-10,Establishing the Half-Way Migratory Waterfowl Refuge; North Dakota,"4 FR 1996, May 12, 1939"
8121,1939-05-10,Establishing the Hutchinson Lake Migratory Waterfowl Refuge; North Dakota,"4 FR 1996, May 12, 1939"
8122,1939-05-10,Establishing the Johnson Lake Migratory Waterfowl Refuge; North Dakota,"4 FR 1996, May 12, 1939"
8123,1939-05-10,Establishing the Lake Moraine Migratory Waterfowl Refuge; North Dakota,"4 FR 1996, May 12, 1939"
8124,1939-05-10,Establishing the Lake Oliver Migratory Waterfowl Refuge; North Dakota,"4 FR 1996, May 12, 1939"
8125,1939-05-10,Establishing the Little Goose Migratory Waterfowl Refuge; North Dakota,"4 FR 1997, May 12, 1939"
8126,1939-05-10,Establishing the Little Lake Migratory Waterfowl Refuge; North Dakota,"4 FR 1997, May 12, 1939"
8127,1939-05-10,Establishing Lords Lake Migratory Waterfowl Refuge; North Dakota,"4 FR 1997, May 12, 1939"
8128,1939-05-10,Establishing Lost Lake Migratory Waterfowl Refuge; North Dakota,"4 FR 1997, May 12, 1939"
8129,1939-05-10,Establishing Minnewastena Migratory Waterfowl Refuge; North Dakota,"4 FR 1997, May 12, 1939"
8130,1939-05-11,Transfer of Lands From the Cache National Forest to the Caribou National Forest; Idaho,"4 FR 2017, May 13, 1939"
8131,1939-05-11,"Inspection of Income, Excess-Profits, and Capital Stock Tax Returns by the Special Committee on Un-American Activities, House of Representatives","4 FR 2025, May 16, 1939"
8132,1939-05-12,Exemption of Lilian M. Lamb From Compulsory Retirement for Age,
8133,1939-05-15,"Further Amending Executive Order No. 7677-A of July 26, 1937, as Amended, Entitled ""Civilian Conservation Corps""","4 FR 2043, May 17, 1939"
8134,1939-05-15,"Modification of Executive Order No. 6746 of June 21, 1934, as Modified, Prescribing Rates of Compensation of Government Employees in Emergency Agencies, Etc.","4 FR 2043, May 17, 1939"
8135,1939-05-15,Appeals From Decisions of the Auditor General of the Philippines to the President of the United States,"4 FR 2043, May 17, 1939"
8136,1939-05-15,Delegating Certain Powers to the Attorney General and Directing the Secretary of the Treasury To Sell Certain Securities,"4 FR 2044, May 17, 1939"
8137,1939-05-17,Authorizing the Extension of Appointments of Certain Employees of the General Accounting Office,
8138,1939-05-17,"Partial Revocation of Executive Order of July 9, 1910, Creating Coal Land Withdrawal, Montana No. 1","4 FR 2067, May 19, 1939"
8139,1939-05-19,Exemption of James E. Harper From Compulsory Retirement for Age,
8140,1939-05-22,"Restoring Lands to Territory of Hawaii for Road Purposes and Reserving Lands for Military Purposes, Punchbowl Hill Military Reservation","4 FR 2099, May 24, 1939"
8141,1939-05-23,"Transferring the Use, Possession, and Control of Certain Lands to the Tennessee Valley Authority; Alabama","4 FR 2127, May 25, 1939"
8142,1939-05-25,"Exemption of Thomas A. Jaggar, Jr., From Compulsory Retirement for Age",
8143,1939-05-26,Establishing a Defensive Sea Area in and About Pearl Harbor; Hawaii,"4 FR 2179, May 30, 1939"
8144,1939-05-26,"Partial Revocation of Executive Order of July 2, 1910, Creating Petroleum Reserve No. 7, Utah No. 1. Petroleum Restoration No. 61; Utah","4 FR 2179, May 30, 1939"
8145,1939-05-31,Changing the Name of the Nine-Pipe Reservation to Nine-Pipe Migratory Waterfowl Refuge and Adding Certain Lands Thereto,"4 FR 2201, June 2, 1939"
8146,1939-06-12,Reinstatement of Former Foreign Service Officer Paul H. Alling,
8147,1939-06-12,Establishing the Ardoch Lake Migratory Waterfowl Refuge; North Dakota,"4 FR 2405, June 15, 1939"
8148,1939-06-12,Establishing the Brumba Migratory Waterfowl Refuge; North Dakota,"4 FR 2405, June 15, 1939"
8149,1939-06-12,Establishing the Cottonwood Lake Migratory Waterfowl Refuge; North Dakota,"4 FR 2405, June 15, 1939"
8150,1939-06-12,Establishing the Hiddenwood Lake Migratory Waterfowl Refuge; North Dakota,"4 FR 2406, June 15, 1939"
8151,1939-06-12,Establishing the Hobart Lake Migratory Waterfowl Refuge; North Dakota,"4 FR 2406, June 15, 1939"
8152,1939-06-12,Establishing Lake Elsie Migratory Waterfowl Refuge; North Dakota,"4 FR 2406, June 15, 1939"
8153,1939-06-12,Establishing Lake George Migratory Waterfowl Refuge,"4 FR 2407, June 15, 1939"
8154,1939-06-12,Establishing Lake Ilo Migratory Waterfowl Refuge; North Dakota,"4 FR 2407, June 15, 1939"
8155,1939-06-12,Establishing the Lake Nettie Migratory Waterfowl Refuge; North Dakota,"4 FR 2407, June 15, 1939"
8156,1939-06-12,Establishing Lake Patricia Migratory Waterfowl Refuge; North Dakota,"4 FR 2407, June 15, 1939"
8157,1939-06-12,Establishing the Lake Susie Migratory Waterfowl Refuge; North Dakota,"4 FR 2408, June 15, 1939"
8158,1939-06-12,Establishing the Lake Zahl Migratory Waterfowl Refuge; North Dakota,"4 FR 2408, June 15, 1939"
8159,1939-06-12,Establishing the Lambs Lake Migratory Waterfowl Refuge; North Dakota,"4 FR 2408, June 15, 1939"
8160,1939-06-12,Establishing Legion Lake Migratory Waterfowl Refuge; North Dakota,"4 FR 2408, June 15, 1939"
8161,1939-06-12,Enlarging the Long Lake Migratory Bird Refuge; North Dakota,"4 FR 2408, June 15, 1939"
8162,1939-06-12,Establishing the Maple River Migratory Waterfowl Refuge; North Dakota,"4 FR 2409, June 15, 1939"
8163,1939-06-12,Establishing Pioneer Lake Migratory Waterfowl Refuge; North Dakota,"4 FR 2409, June 15, 1939"
8164,1939-06-12,Establishing the Pleasant Lake Migratory Waterfowl Refuge; North Dakota,"4 FR 2409, June 15, 1939"
8165,1939-06-12,Establishing Rock Lake Migratory Waterfowl Refuge; North Dakota,"4 FR 2409, June 15, 1939"
8166,1939-06-12,Establishing Shell Lake Migratory Waterfowl Refuge; North Dakota,"4 FR 2410, June 15, 1939"
8167,1939-06-12,Establishing the Sibley Lake Migratory Waterfowl Refuge; North Dakota,"4 FR 2410, June 15, 1939"
8168,1939-06-14,"Transferring From the Department of Agriculture to the Department of Commerce Certain Lands at Sitka, Alaska, for Use as a Magnetic and Seismological Observatory Site by the Bureau of Coast and Geodetic Survey","4 FR 2415, June 16, 1939"
8169,1939-06-14,"Partial Revocation of Executive Order No. 6153 of June 3, 1933, Withdrawing Public Lands; Colorado","4 FR 2415, June 16, 1939"
8170,1939-06-15,Appointment of A. Sidney Johnson to a Classified Position in the Treasury Department,
8171,1939-06-15,Transfer of Jurisdiction Over Certain Lands From the Secretary of Agriculture to the Secretary of War,"4 FR 2443, June 20, 1939"
8172,1939-06-15,Excluding Certain Tracts of Land From the Chugach and Tongass National Forests and Restoring Them to Entry,"4 FR 2443, June 20, 1939"
8173,1939-06-15,Establishing the Talcot Lake Migratory Waterfowl Refuge; Minnesota,"4 FR 2444, June 20, 1939"
8174,1939-06-15,"Amending Executive Order No. 6901 of November 13, 1934 Withdrawing Public Land as a Wildlife Administrative Site; Alaska","4 FR 2445, June 20, 1939"
8175,1939-06-21,"Partial Revocation of Executive Order of March 21, 1914; Wyoming","4 FR 2467, June 23, 1939"
8176,1939-06-21,Regulations Governing the Grades and Ratings of Enlisted Men of the Regular Army for the Fiscal Year 1940,"4 FR 2467, June 23, 1939"
8177,1939-06-21,Amending the Foreign Service Regulations of the United States,"4 FR 2467, June 23, 1939"
8178,1939-06-21,"Partial Revocation of Executive Order of August 2, 1875, Withdrawing Public Land; Florida","4 FR 2468, June 23, 1939"
8179,1939-06-21,Amending Certain Provisions of the Civil Service Rules,"4 FR 2468, June 23, 1939"
8180,1939-06-21,Effective Date of Election by Retired Foreign Service Officers To Receive Reduced Annuities,"4 FR 2475, June 24, 1939"
8181,1939-06-22,Amending the Foreign Service Regulations of the United States,"4 FR 2491, June 27, 1939"
8182,1939-06-28,"Postponement of Effective Date of Certain Provisions of Executive Order No. 6166 of June 10, 1933",
8183,1939-06-28,"Excusing Federal Employees From Duty on July 3, 1939","4 FR 2699, June 30, 1939"
8184,1939-06-28,"Amending Executive Order No. 7532 of January 8, 1937, Establishing the Shinnecock Migratory Bird Refuge","4 FR 2699, June 30, 1939"
8185,1939-06-29,Administration of the Foreign Service Under Reorganization Plan No. II,"4 FR 2749, July 6, 1939"
8186,1939-06-29,"Transferring to the Federal Works Administrator the Functions Transferred to the Secretary of the Treasury by Executive Order No. 7641 of June 22, 1937","4 FR 2749, July 6, 1939"
8187,1939-06-29,"Amendment of Subdivision VI, Schedule A. of the Civil Service Rules","4 FR 2749, July 6, 1939"
8188,1939-06-29,"Revocation of Executive Order No. 4539 of November 6, 1926, Withdrawing Public Lands; Utah","4 FR 2749, July 6, 1939"
8189,1939-07-05,Amending the Foreign Service Regulations of the United States,"4 FR 2783, July 7, 1939"
8190,1939-07-05,Placing the Committee for Reciprocity Information Under the Jurisdiction and Control of the Department of State,"4 FR 2785, July 7, 1939"
8191,1939-07-05,Placing the Goethals Memorial Commission Under the Jurisdiction and Control of the War Department,"4 FR 2785, July 7, 1939"
8192,1939-07-05,"Partial Revocation of Executive Order No. 2608 of May 4, 1917, and Rewithdrawal for Use by the Forest as an Addition to an Existing Administrative Site; Alaska","4 FR 2785, July 7, 1939"
8193,1939-07-05,"Partial Revocation of Executive Order No. 5894 of July 26, 1932, Withdrawing Public Land; Colorado","4 FR 2786, July 7, 1939"
8194,1939-07-06,Placing the Federal Fire Council Under the Federal Works Agency,"4 FR 2786, July 7, 1939"
8195,1939-07-07,Exemption of Frederick S. Jackson From Compulsory Retirement for Age,"4 FR 2911, July 11, 1939"
8196,1939-07-08,Amending the Foreign Service Regulations of the United States,"4 FR 2911, July 11, 1939"
8197,1939-07-11,"Regulations Pertaining to the Administration of the Act of May 3, 1939, Public No. 63, 76th Congress, 1st Session","4 FR 2953, July 13, 1939"
8198,1939-07-11,Suspension of Eight-Hour Law as to Construction of Certain Emergency Air Bases,"4 FR 2954, July 13, 1939"
8199,1939-07-11,"Partial Revocation of Executive Orders of July 9, 1910, May 18, 1911, August 25, 1915, and May 22, 1917, Creating, Respectively, Coal Land Withdrawals Nos. 1, 6, 8, and 10","4 FR 2954, July 13, 1939"
8200,1939-07-11,"Partial Revocation of Executive Order No. 5886 of July 12, 1932, Withdrawing Public Lands; Wyoming","4 FR 2955, July 13, 1939"
8201,1939-07-11,"Amendment of Executive Order No. 7302 of February 21, 1936, Transferring Certain Lands to the Control and Jurisdiction of the Secretary of the Navy; Virgin Islands","4 FR 2955, July 13, 1939"
8202,1939-07-13,Authorizing and Requesting the Federal Power Commission To Perform Certain Functions Relating to the Transmission of Electric Energy Between the United States and Foreign Countries and to the Exportation and Importation of Natural Gas From and Into the United States,"4 FR 3243, July 15, 1939"
8203,1939-07-13,Transfer of Jurisdiction Over Certain Lands From the Secretary of Agriculture to the Secretary of War,"4 FR 3243, July 15, 1939"
8204,1939-07-14,Exemption of Michael E. Gorman From Compulsory Retirement for Age,
8205,1939-07-14,"Authorizing the Initial Appointment of the Assistant Administrator of the Federal Security Agency and One Private Secretary to the Assistant Administrator Without Compliance With the Civil Service Rules, and Amending Schedule A of the Civil Service Rules","4 FR 3313, July 18, 1939"
8206,1939-07-14,"Revocation of Executive Order No. 6432 of November 16, 1933, Withdrawing Public Lands; Wyoming","4 FR 3313, July 18, 1939"
8207,1939-07-17,Exemption of Dr. George F. Bowerman From Compulsory Retirement for Age,
8208,1939-07-17,Exemption of Mrs. Frances S. Nichols From Compulsory Retirement for Age,
8209,1939-07-17,Exemption of William M. Smith From Compulsory Retirement for Age,
8210,1939-07-17,Amending the Foreign Service Regulations of the United States,"4 FR 3367, July 20, 1939"
8211,1939-07-19,"Revocation of Executive Order No. 5633 of May 28, 1931, Withdrawing Public Lands","4 FR 3395, July 22, 1939"
8212,1939-07-25,"Reinstatement of Former Foreign Service Officer James J. Murphy, Jr.",
8213,1939-07-25,Exemption of Erastus S. Hawkins From Compulsory Retirement for Age,
8214,1939-07-25,Providing Additional Time-Eligibility for Reinstatement Under Civil Service Rules of Certain Former Federal Employees,"4 FR 3429, July 27, 1939"
8215,1939-07-25,"Amendment of Section 15 of Executive Order No. 1888 of February 2, 1914, Prescribing General Conditions of Employment for Employees of the Panama Canal and the Panama Railroad Company on the Isthmus of Panama","4 FR 3430, July 27, 1939"
8216,1939-07-25,Withdrawing Public Land and Water for Naval Purposes; Alaska,"4 FR 3430, July 27, 1939"
8217,1939-08-07,Exemption of George Middleton From Compulsory Retirement for Age,
8218,1939-08-07,Exemption of Herbert Vansant From Compulsory Retirement for Age,
8219,1939-08-07,Designating the Secretary of Agriculture as the Officer To Exercise the Rights of the United States Arising Out of the Ownership of the Capital Stock of the Commodity Credit Corporation,"4 FR 3565, August 10, 1939"
8220,1939-08-07,Partial Revocation of Certain Executive Orders Creating Temporary Power-Site Withdrawals and Power-Site Reserves; Oregon,"4 FR 3565, August 10, 1939"
8221,1939-08-21,"Further Amending Executive Order No. 7677-A, of July 26, 1937, as Amended, Entitled ""Civilian Conservation Corps""","4 FR 3715, August 25, 1939"
8222,1939-08-21,Exempting Certain Positions From Salary Classification,"4 FR 3715, August 25, 1939"
8223,1939-08-21,"Modifying Executive Order No. 1919 1/2 of April 21, 1914, and Reserving Certain Lands for Use of the Alaska Road Commission for Aviation Field Purposes; Alaska","4 FR 3716, August 25, 1939"
8224,1939-08-24,Exemption of John P. Dunlop From Compulsory Retirement for Age,
8225,1939-08-24,"Abolishing Customs Collection District Number 44 (Iowa); Extending Limits of Customs Collection District Number 39 (Chicago) To Include the State of Iowa; and Revoking the Designations of Des Moines, Iowa, Oklahoma City, Oklahoma, and Tulsa, Oklahoma, as Customs Ports of Entry","4 FR 3721, August 26, 1939"
8226,1939-08-24,"Amending Section 15 of Executive Order No. 7845 of March 21, 1938, Prescribing Regulations Relating to Annual Leave of Government Employees","4 FR 3722, August 26, 1939"
8227,1939-08-24,"Amending Section 18 of Executive Order No. 7846 of March 21, 1938, Prescribing Regulations Relating to Sick Leave of Government Employees","4 FR 3722, August 26, 1939"
8228,1939-08-24,Exemption of William T. Andrews From Compulsory Retirement for Age,
8229,1939-08-26,"Promotion of Lieutenant Harry R. Lohman, District of Columbia Police Force, Without Regard to Civil Service Rules",
8230,1939-08-28,Authorizing the Inspection of Certain Returns Made Under the Internal Revenue Code,"4 FR 3777, August 31, 1939"
8231,1939-08-31,Exemption of Edward M. Weeks From Compulsory Retirement for Age,
8232,1939-09-05,Control of the Panama Canal and the Canal Zone,"4 FR 3812, September 6, 1939"
8233,1939-09-05,Prescribing Regulations Governing the Enforcement of the Neutrality of the United States,"4 FR 3822, September 7, 1939"
8234,1939-09-05,Prescribing Regulations Governing the Passage and Control of Vessels Through the Panama Canal in Any War in Which the United States is Neutral,"4 FR 3823, September 7, 1939"
8235,1939-09-06,Appointment of Mrs. Coey Custer Jones to Public Health Service Without Regard to Civil Service Rules,
8236,1939-09-06,"Authorizing the Inspection of Certain Income Tax Withholding Returns by the Department of National Revenue, Ottawa, Canada","4 FR 3835, September 8, 1939"
8237,1939-09-06,Amending Subdivision XVI of Schedule A of the Civil Service Rules,"4 FR 3835, September 8, 1939"
8238,1939-09-06,"Extending the Limits of the Customs Port of Entry of Baltimore, Maryland, in Customs Collection District Number 13 (Maryland), To Include Sparrows Point, Maryland","4 FR 3835, September 8, 1939"
8239,1939-09-06,"Power Site Restoration No. 492, Partial Revocation of Executive Orders of December 19, 1910, Creating Power Site Reserve No. 165 and of January 23, 1912, Creating Power Site Reserve No. 241","4 FR 3836, September 8, 1939"
8240,1939-09-06,"Construction of Executive Order of September 16, 1889, Enlarging Fort Meade Wood and Timber Military Reservation; South Dakota","4 FR 3836, September 8, 1939"
8241,1939-09-06,"Revocation of Executive Order No. 6774 of June 30, 1934, Withdrawing Public Lands; Washington","4 FR 3837, September 8, 1939"
8242,1939-09-07,Transfer of Miss Charlotta Gallap to Federal Communications Commission Without Regard to Civil Service Rules,
8243,1939-09-08,Prescribing Regulations Governing the Enforcement of the Neutrality of the United States,"4 FR 3863, September 12, 1939"
8244,1939-09-08,Authorizing an Increase in the Strength of the Army,"4 FR 3863, September 12, 1939"
8245,1939-09-08,Authorizing Increases in the Enlisted Strengths of the Navy and the Marine Corps,"4 FR 3863, September 12, 1939"
8246,1939-09-08,Making Funds Available for the Protection of American Citizens in Foreign Countries During the Existing Emergency,"4 FR 3863, September 12, 1939"
8247,1939-09-08,"Authorizing Increases in the Personnel of the Federal Bureau of Investigation, Department of Justice","4 FR 3864, September 12, 1939"
8248,1939-09-08,Establishing the Divisions of the Executive Office of the President and Defining Their Functions and Duties,"4 FR 3864, September 12, 1939"
8249,1939-09-10,Prescribing Regulations Governing the Enforcement of the Neutrality of the United States,"4 FR 3889, September 13, 1939"
8250,1939-09-11,"Revocation of Executive Order No. 2006 of July 30, 1914, Placing Certain Land Under the Jurisdiction of the Secretary of the Navy for Use as a Naval Radio Station","4 FR 3890, September 13, 1939"
8251,1939-09-12,"Regulations Governing the Entrance of Foreign and Domestic Aircraft Into the Canal Zone, and Navigation Therein","4 FR 3899, September 14, 1939"
8252,1939-09-14,Exemption of Samuel J. Gompers From Compulsory Retirement for Age,
8253,1939-09-18,Exemption of Walter I. Swanton From Compulsory Retirement for Age,
8254,1939-09-18,"Authorizing Increases in the Personnel and Facilities of the United States Coast Guard, Treasury Department","4 FR 3983, September 20, 1939"
8255,1939-09-18,Transfer of Control and Jurisdiction Over Certain Lands From the Secretary of Agriculture to the Secretary of the Interior,"4 FR 3983, September 20, 1939"
8256,1939-09-20,Exemption of Maurice C. Latta From Compulsory Retirement for Age,
8257,1939-09-21,Authorizing Excepted Appointments To Meet Public Exigency,"4 FR 4023, September 23, 1939"
8258,1939-09-21,"Amending Paragraph 7, Subdivision I, Schedule A of the Civil Service Rules","4 FR 4023, September 23, 1939"
8259,1939-09-21,Exemption of Harry T. Edwards From Compulsory Retirement for Age,
8260,1939-09-21,Exemption of James L. Hughes From Compulsory Retirement for Age,
8261,1939-09-21,"Amendment of Executive Order No. 7972 of September 15, 1938","4 FR 4043, September 26, 1939"
8262,1939-09-26,Exemption of Samuel A. Cottrell From Compulsory Retirement for Age,
8263,1939-09-26,Exemption of William F. Mackenzie From Compulsory Retirement for Age,
8264,1939-09-30,"Appointment of Master Sergeant Morris Swett, United States Army Retired, as Librarian Without Compliance With Civil Service Rules",
8265,1939-09-30,"Designation of the Director of the Bureau of Mines To Act as Secretary of the Interior, or as Under Secretary, First Assistant Secretary, or Assistant Secretary of the Interior","4 FR 4108, October 3, 1939"
8266,1939-10-04,Exempting Certain Positions From Salary Classification,"4 FR 4167, October 6, 1939"
8267,1939-10-05,"Amendment of Executive Order No. 7242 of December 6, 1935, Prescribing Regulations Governing Highways, Vehicles, and Vehicular Traffic in the Canal Zone","4 FR 4183, October 7, 1939"
8268,1939-10-09,Exemption of George W. Stone From Compulsory Retirement for Age,
8269,1939-10-11,"Amendment of Basic Exchange Rates Prescribed by Section 4 of Executive Order No. 7972 of September 15, 1938","4 FR 4241, October 13, 1939"
8270,1939-10-16,Exemption of Edward M. Neville From Compulsory Retirement for Age,
8271,1939-10-16,"Amendment of Section 6 of Executive Order No. 8251 of September 12, 1939, Prescribing Regulations Governing the Entrance of Foreign and Domestic Aircraft Into the Canal Zone, and Navigation Therein","4 FR 4277, October 18, 1939"
8272,1939-10-16,"Amendment of Subdivision VII, Schedule A, Civil Service Rules","4 FR 4277, October 18, 1939"
8273,1939-10-21,Excepting Appointments in the United States Coronado Exposition Commission From the Requirements of the Civil Service Act and Rules,"4 FR 4321, October 24, 1939"
8274,1939-10-26,Exemption of Edward A. Neill From Compulsory Retirement for Age,
8275,1939-10-26,Exemption of Harvey J. Zimmerman From Compulsory Retirement for Age,
8276,1939-10-28,Extension of Trust Periods on Indian Lands Expiring During Calendar Year 1940,"4 FR 4444, November 1, 1939"
8277,1939-10-28,Transfer of Jurisdiction Over Certain Lands From the Secretary of Agriculture to the Secretary of War; Oklahoma,"4 FR 4444, November 1, 1939"
8278,1939-10-28,Withdrawing Public Land and Water for Naval Purposes; Alaska,"4 FR 4444, November 1, 1939"
8279,1939-10-28,"Designation of the Director of the Bureau of Mines To Act as Secretary of the Interior, or as Under Secretary, First Assistant Secretary, or Assistant Secretary of the Interior","4 FR 4445, November 1, 1939"
8280,1939-10-31,"Amendment of Paragraph 4, Subdivision IV, Schedule B of the Civil Service Rules","4 FR 4453, November 2, 1939"
8281,1939-11-01,"Amendment of Executive Order No. 8176 of June 21, 1939, Prescribing Regulations Governing the Grades and Ratings of Enlisted Men of the Regular Army for the Fiscal Year 1940","4 FR 4453, November 2, 1939"
8282,1939-11-09,Exemption of John S. Biggs From Compulsory Retirement for Age,
8283,1939-11-09,Amendment of Section 6 of Civil Service Rule II,"4 FR 4565, November 14, 1939"
8284,1939-11-13,Prescribing the Duties of the Librarian Emeritus of the Library of Congress,"4 FR 4603, November 17, 1939"
8285,1939-11-16,Appointment of George K. Briggs Without Regard to Civil Service Rules,
8286,1939-11-16,Exemption of Hugh J. Murray From Compulsory Retirement for Age,
8287,1939-11-18,Exemption of Arthur H. Chase From Compulsory Retirement for Age,
8288,1939-11-22,Making Certain Changes in the Field Organization of the Customs Service in the State of Texas,"4 FR 4691, November 28, 1939"
8289,1939-11-22,Establishing the Bosque del Apache National Wildlife Refuge,"4 FR 4691, November 28, 1939"
8290,1939-11-30,Retirement of Foreign Service Officer Franklin B. Atwood,
8291,1939-11-30,"Excusing Federal Employees From Duty on December 23 and 30, 1939","4 FR 4761, December 5, 1939"
8292,1939-11-30,Amending the Foreign Service Regulations of the United States,"4 FR 4761, December 5, 1939"
8293,1939-11-30,Suspension of Eight-Hour Law as to Persons Employed by the Government in the Construction of Certain Emergency Air Bases,"4 FR 4762, December 5, 1939"
8294,1939-11-30,"Appointment of Admiral William D. Leahy, Governor of the Territory of Puerto Rico, as Administrator of the Puerto Rico Reconstruction Administration","4 FR 4763, December 5, 1939"
8295,1939-11-30,"Partial Revocation of Executive Order of January 3, 1917, and June 16, 1925","4 FR 4763, December 5, 1939"
8296,1939-11-30,Changing the Name of the Pathfinder Wildlife Refuge and Adding Certain Lands Thereto,"4 FR 4763, December 5, 1939"
8297,1939-12-04,Amending the Foreign Service Regulations of the United States,"4 FR 4779, December 7, 1939"
8298,1939-12-04,"Regulations Governing the Manner of Executing and Returning Commissions by Officers of the Foreign Service in Criminal Cases, and Schedule of Fees and Compensation in Such Cases","4 FR 4781, December 7, 1939"
8299,1939-12-04,Withdrawal of Public Lands; Colorado,"4 FR 4782, December 7, 1939"
8300,1939-12-12,Amendment of Section 2 (b) of Civil Service Rule VII,"4 FR 4847, December 14, 1939"
8301,1939-12-12,"Authorizing and Directing Carroll L. Wilson, Special Assistant to the Secretary of Commerce, To Act as Director of the Bureau of Foreign and Domestic Commerce During the Sickness or Absence of the Director","4 FR 4847, December 14, 1939"
8302,1939-12-12,Exemption of Frank Burke From Compulsory Retirement for Age,
8303,1939-12-13,"Waiver of E.O. of Jan. 17, 1873, To Permit Huntington Cairns To Hold State Office",
8304,1939-12-19,"Revocation of Executive Order No. 2552 of March 21, 1917, Withdrawing Public Lands for Lighthouse Purposes; Alaska","4 FR 4909, December 22, 1939"
8305,1939-12-19,Reserving Certain Public Lands for the Use of the War Department for Military Purposes; Alaska,"4 FR 4909, December 22, 1939"
8306,1939-12-19,Taxes and Licenses in the Canal Zone,"4 FR 4909, December 22, 1939"
8307,1939-12-19,Amending the Foreign Service Regulations of the United States,"4 FR 4910, December 22, 1939"
8308,1939-12-19,"Exemption of Gerrit S. Miller, Jr., From Compulsory Retirement for Age",
8309,1939-12-19,Exemption of Harry J. Morrison From Compulsory Retirement for Age,
8310,1939-12-19,Exemption of Louis C. Vogt From Compulsory Retirement for Age,
8311,1939-12-19,Exemption of Alexander McKeon From Compulsory Retirement for Age,
8312,1939-12-21,Exemption of David D. Caldwell From Compulsory Retirement for Age,
8313,1939-12-22,Appointment of Henry Schneider to Treasury Department Without Regard to Civil Service Rules,
8314,1939-12-22,Exemption of John Kieley From Compulsory Retirement for Age,
8315,1939-12-22,Making Certain Changes in Customs Collection District No. 38; Michigan,"4 FR 4941, December 27, 1939"
8316,1939-12-27,"Authorizing the Initial Appointment to a Certain Position in the Wage and Hour Division, Department of Labor, Without Compliance With the Civil Service Rules, and Revoking in Part Executive Order No. 8027 of December 23, 1938","4 FR 4979, December 30, 1939"
