eo_number,page
9,1
170,1
171,1
194,1
279,1
283,1
294,1
314,1
359,1
458,1
493,1
495,1
589,1
641,1
653,1
661,1
715,1
723,1
724,1
758,1
982,1
983,1
1008,1
1032,1
1065,1
1072,1
1076,1
1118,1
1137,1
1153,1
1175,1
1210,1
1242,1
1277,1
1362,1
1390,1
1439,1
1472,1
1486,1
1556,1
1559,1
1583,1
1624,1
1637,1
1712,1
1776,1
1778,1
1888,1
1930,1
1947,1
1950,1
1991,1
2071,1
2119,1
2154,1
2164,1
2178,1
2246,1
2252,1
2262,1
2323,1
2325,1
2335,1
2357,1
2382,1
2390,1
2406,1
2414,1
2458,1
2463,1
2464,1
2483,1
2514,1
2560,1
2566,1
2581,1
2596,1
2600,1
2602,1
2614,1
2617,1
2628,1
2659,1
2694,1
2716,1
2721,1
2732,1
2733,1
2734,1
2740,1
2741,1
2742,1
2752,1
2754,1
2756,1
2761,1
2762,1
2763,1
2766,1
2768,1
2786,1
2794,1
2800,1
2808,1
2819,1
2821,1
2822,1
2828,1
2829,1
2833,1
2834,1
2852,1
2859,1
2870,1
2875,1
2876,1
2892,1
2900,1
2901,1
2919,1
2921,1
2932,1
2960,1
2975,1
2993,1
2995,1
2996,1
3005,1
3011,1
3058,1
3070,1
3083,1
3088,1
3108,1
3157,1
3158,1
3193,1
3206,1
3215,1
3231,1
3232,1
3246,1
3294,1
3313,1
3326,1
3358,1
3359,1
3375,1
3391,1
3427,1
3457,1
3461,1
3468,1
3505,1
3513,1
3550,1
3555,1
3562,1
3577,1
3578,1
3597,1
3629,1
3668,1
3689,1
3696,1
3718,1
3725,1
3731,1
3771,1
3820,1
3860,1
3862,1
3899,1
3900,1
3904,1
3941,1
3973,1
3987,1
4013,1
4022,1
4027,1
4030,1
4032,1
4036,1
4048,1
4049,1
4059,1
4086,1
4109,1
4124,1
4125,1
4143,1
4182,1
4185,1
4203,1
4220,1
4225,1
4250,1
4255,1
4262,1
4274,1
4314,1
4321,1
4351,1
4372,1
4401,1
4409,1
4430,1
4436,1
4439,1
4446,1
4463,1
4465,1
4467,1
4476,1
4485,1
4487,1
4488,1
4489,1
4523,1
4524,1
4527,1
4530,1
4535,1
4547,1
4552,1
4574,1
4577,1
4589,1
4601,1
4610,1
4627,1
4629,1
4648,1
4681,1
4690,1
4701,1
4705,1
4721,1
4728,1
4813,1
4815,1
4833,1
4860,1
4872,1
4879,1
4892,1
4893,1
4923,1
4943,1
5001,2
5022,2
5032,2
5038,2
5065,2
5110,2
5133,2
5187,2
5188,2
5189,2
5191,2
5211,2
5220,2
5221,2
5226,2
5256,2
5268,2
5281,2
5288,2
5290,2
5295,2
5345,2
5366,2
5375,2
5386,2
5398,2
5414,2
5417,2
5426,2
5463,2
5468,2
5469,2
5487,2
5491,2
5526,2
5549,2
5565,2
5602,2
5612,2
5614,2
5621,2
5624,2
5627,2
5636,2
5642,2
5648,2
5658,2
5661,2
5666,2
5700,2
5707,2
5710,2
5737,2
5771,2
5773,2
5786,2
5812,2
5814,2
5818,2
5825,2
5837,2
5848,2
5857,2
5860,2
5865,2
5869,2
5910,2
5918,2
5924,2
5952,2
5956,2
5973,2
6017,2
6051,2
6073,2
6102,2
6108,2
6111,2
6128,2
6143,2
6166,2
6167,2
6226,2
6247,2
6259,2
6260,2
6261,2
6262,2
6276,2
6359,2
6362,2
6444,2
6497,2
6518,2
6550,2
6556,2
6558,2
6559,2
6560,2
6570,2
6584,2
6586,2
6588,2
6596,2
6605,2
6607,2
6623,2
6639,2
6650,2
6657,2
6694,2
6715,2
6722,2
6728,2
6750,2
6779,2
6780,2
6783,2
6810,2
6824,2
6850,2
6868,2
6869,2
6880,2
6886,2
6888,2
6909,2
6910,2
6918,2
6928,2
6935,2
6938,2
6942,2
6950,2
6958,2
6964,2
6979,2
6981,2
6986,2
6987,2
7010,3
7012,3
7013,3
7021,3
7023,3
7026,3
7034,3
7035,3
7045,3
7048,3
7057,3
7081,3
7098,3
7108,3
7114,3
7126,3
7138,3
7146,3
7150,3
7165,3
7172,3
7174,3
7178,3
7180,3
7182,3
7198,3
7207,3
7211,3
7220,3
7224,3
7235,3
7245,3
7246,3
7256,3
7262,3
7266,3
7267,3
7270,3
7274,3
7277,3
7289,3
7293,3
7298,3
7303,3
7311,3
7312,3
7330,3
7332,3
7337,3
7359,3
7363,3
7364,3
7369,3
7373,3
7379,3
7388,3
7397,3
7402,3
7403,3
7417,3
7425,3
7430,3
7435,3
7439,3
7441,3
7442,3
7443,3
7449,3
7465,3
7470,3
7491,3
7493,3
7497,3
7500,3
7502,3
7503,3
7504,3
7505,3
7509,3
7510,3
7515,3
7520,3
7522,3
7523,3
7543,3
7544,3
7547,3
7548,3
7554,3
7555,3
7558,3
7577,3
7599,3
7600,3
7616,3
7628,3
7636,3
7647,3
7648,3
7655,3
7658,3
7662,3
7664,3
7669,3
7670,3
7671,3
7672,3
7673,3
7674,3
7675,3
7677,3
7689,3
7693,3
7695,3
7707,3
7713,3
7722,3
7729,3
7734,3
7736,3
7740,3
7744,3
7747,3
7756,3
7760,3
7766,3
7785,3
7786,3
7795,3
7796,3
7797,3
7803,3
7813,3
7814,3
7823,3
7826,3
7831,3
7856,3
7865,3
7866,3
7867,3
7883,3
7895,3
7896,3
7900,3
7908,3
7910,3
7915,3
7916,3
7921,3
7925,3
7926,3
7944,3
7951,3
7955,3
7960,3
7962,3
7968,3
7972,3
7985,3
7993,3
8010,4
8013,4
8016,4
8018,4
8021,4
8029,4
8033,4
8034,4
8036,4
8040,4
8044,4
8059,4
8061,4
8065,4
8068,4
8071,4
8072,4
8076,4
8077,4
8078,4
8083,4
8084,4
8089,4
8099,4
8100,4
8101,4
8102,4
8104,4
8107,4
8109,4
8136,4
8153,4
8158,4
8168,4
8177,4
8179,4
8181,4
8185,4
8189,4
8190,4
8194,4
8196,4
8202,4
8210,4
8214,4
8215,4
8232,4
8248,4
8257,4
8261,4
8269,4
8283,4
8292,4
8294,4
8296,4
8297,4
8298,4
8300,4
8305,4
8307,4
8319,4
8325,4
8332,4
8333,4
8342,4
8343,4
8344,4
8346,4
8347,4
8352,4
8356,4
8361,4
8363,4
8371,4
8377,4
8378,4
8379,4
8380,4
8381,4
8389,4
8390,4
8396,4
8397,4
8399,4
8400,4
8403,4
8405,4
8407,4
8417,4
8423,4
8425,4
8427,4
8429,4
8430,4
8439,4
8440,4
8444,4
8446,4
8450,4
8454,4
8455,4
8459,4
8461,4
8467,4
8479,4
8484,4
8486,4
8492,4
8493,4
8507,4
8508,4
8512,4
8514,4
8516,4
8521,4
8526,4
8527,4
8531,4
8533,4
8535,4
8536,4
8541,4
8546,4
8547,4
8557,4
8564,4
8565,4
8566,4
8572,4
8577,4
8578,4
8579,4
8587,4
8588,4
8591,4
8597,4
8598,4
8600,4
8602,4
8612,4
8616,4
8622,4
8629,4
8636,4
8649,4
8651,4
8652,4
8655,4
8672,4
8673,4
8674,4
8680,4
8682,4
8683,4
8684,4
8688,4
8689,4
8691,4
8701,4
8704,4
8705,4
8706,4
8707,4
8708,4
8711,4
8714,4
8715,4
8716,4
8718,4
8721,4
8725,4
8729,4
8731,4
8732,4
8734,4
8743,4
8744,4
8746,4
8751,4
8755,4
8757,4
8759,4
8760,4
8763,4
8766,4
8776,4
8780,4
8785,4
8788,4
8789,4
8790,4
8791,4
8792,4
8793,4
8794,4
8799,4
8800,4
8802,4
8807,4
8809,4
8818,4
8820,4
8822,4
8823,4
8830,4
8831,4
8832,4
8839,4
8840,4
8841,4
8847,4
8853,4
8854,4
8857,4
8861,4
8865,4
8872,4
8874,4
8875,4
8877,4
8880,4
8884,4
8888,4
8891,4
8892,4
8894,4
8900,4
8902,4
8915,4
8923,4
8926,4
8927,4
8929,4
8931,4
8932,4
8937,4
8942,4
8950,4
8953,4
8954,4
8957,4
8960,4
8961,4
8963,4
8964,4
8970,4
8972,4
8973,4
8978,4
8980,4
8982,4
8984,4
8985,4
8986,4
8989,4
8992,4
8998,4
8999,4
9000,5
9001,5
9004,5
9014,5
9017,5
9019,5
9020,5
9023,5
9024,5
9026,5
9027,5
9029,5
9038,5
9039,5
9040,5
9042,5
9047,5
9048,5
9050,5
9051,5
9052,5
9053,5
9054,5
9055,5
9057,5
9058,5
9063,5
9066,5
9067,5
9070,5
9074,5
9075,5
9080,5
9081,5
9082,5
9084,5
9086,5
9089,5
9090,5
9094,5
9095,5
9096,5
9101,5
9102,5
9103,5
9104,5
9105,5
9107,5
9108,5
9109,5
9111,5
9114,5
9116,5
9122,5
9125,5
9128,5
9134,5
9135,5
9137,5
9138,5
9139,5
9142,5
9143,5
9146,5
9153,5
9154,5
9156,5
9164,5
9165,5
9168,5
9172,5
9177,5
9182,5
9183,5
9184,5
9191,5
9193,5
9195,5
9196,5
9200,5
9204,5
9205,5
9206,5
9210,5
9213,5
9214,5
9215,5
9219,5
9221,5
9223,5
9225,5
9227,5
9228,5
9230,5
9233,5
9239,5
9240,5
9241,5
9243,5
9244,5
9245,5
9246,5
9248,5
9250,5
9253,5
9260,5
9261,5
9263,5
9264,5
9265,5
9266,5
9267,5
9269,5
9276,5
9277,5
9278,5
9279,5
9280,5
9285,5
9286,5
9290,5
9294,5
9295,5
9296,5
9298,5
9299,5
9300,5
9301,5
9303,5
9316,5
9319,5
9320,5
9322,5
9325,5
9328,5
9330,5
9331,5
9332,5
9333,5
9334,5
9335,5
9337,5
9342,5
9344,5
9346,5
9347,5
9348,5
9350,5
9351,5
9352,5
9354,5
9356,5
9358,5
9360,5
9361,5
9367,5
9368,5
9378,5
9380,5
9381,5
9384,5
9385,5
9386,5
9389,5
9392,5
9394,5
9396,5
9400,5
9401,5
9405,5
9407,5
9409,5
9410,5
9411,5
9417,5
9418,5
9419,5
9423,5
9425,5
9427,5
9431,5
9432,5
9437,5
9442,5
9446,5
9447,5
9449,5
9450,5
9451,5
9452,5
9453,5
9458,5
9460,5
9462,5
9463,5
9465,5
9466,5
9467,5
9472,5
9479,5
9484,5
9487,5
9488,5
9489,5
9491,5
9492,5
9493,5
9495,5
9497,5
9503,6
9505,6
9506,6
9507,6
9508,6
9512,6
9514,6
9515,6
9516,6
9519,6
9521,6
9524,6
9525,6
9526,6
9528,6
9532,6
9534,6
9535,6
9536,6
9537,6
9538,6
9539,6
9540,6
9541,6
9542,6
9543,6
9544,6
9545,6
9546,6
9547,6
9548,6
9549,6
9550,6
9551,6
9552,6
9553,6
9554,6
9555,6
9556,6
9557,6
9558,6
9559,6
9560,6
9561,6
9562,6
9563,6
9564,6
9565,6
9566,6
9567,6
9568,6
9569,6
9570,6
9571,6
9572,6
9573,6
9574,6
9575,6
9576,6
9577,6
9578,6
9579,6
9580,6
9581,6
9582,6
9583,6
9584,6
9585,6
9586,6
9587,6
9588,6
9589,6
9590,6
9591,6
9592,6
9593,6
9594,6
9595,6
9596,6
9597,6
9598,6
9599,6
9600,6
9601,6
9602,6
9603,6
9604,6
9605,6
9606,6
9607,6
9608,6
9609,6
9610,6
9611,6
9612,6
9613,6
9614,6
9615,6
9616,6
9617,6
9618,6
9619,6
9620,6
9621,6
9622,6
9623,6
9624,6
9625,6
9626,6
9627,6
9628,6
9629,6
9630,6
9631,6
9632,6
9633,6
9634,6
9635,6
9636,6
9637,6
9638,6
9639,6
9640,6
9641,6
9642,6
9643,6
9644,6
9645,6
9646,6
9647,6
9648,6
9649,6
9650,6
9651,6
9652,6
9653,6
9654,6
9655,6
9656,6
9657,6
9658,6
9659,6
9660,6
9661,6
9662,6
9663,6
9664,6
9665,6
9666,6
9667,6
9668,6
9669,6
9670,6
9671,6
9672,6
9673,6
9674,6
9675,6
9676,6
9677,6
9678,6
9679,6
9680,6
9681,6
9682,6
9683,6
9684,6
9685,6
9686,6
9687,6
9688,6
9689,6
9690,6
9691,6
9692,6
9693,6
9694,6
9695,6
9696,6
9697,6
9698,6
9699,6
9700,6
9701,6
9702,6
9703,6
9704,6
9705,6
9706,6
9707,6
9708,6
9709,6
9710,6
9711,6
9712,6
9713,6
9714,6
9715,6
9716,6
9717,6
9718,6
9719,6
9720,6
9721,6
9722,6
9723,6
9724,6
9725,6
9726,6
9727,6
9728,6
9729,6
9730,6
9731,6
9732,6
9733,6
9734,6
9735,6
9736,6
9737,6
9738,6
9739,6
9740,6
9741,6
9742,6
9743,6
9744,6
9745,6
9746,6
9747,6
9748,6
9749,6
9750,7
9751,7
9752,7
9753,7
9754,7
9755,7
9756,7
9757,7
9758,7
9759,7
9760,7
9761,7
9762,7
9763,7
9764,7
9765,7
9766,7
9767,7
9768,7
9769,7
9770,7
9771,7
9772,7
9773,7
9774,7
9775,7
9776,7
9777,7
9778,7
9779,7
9780,7
9781,7
9782,7
9783,7
9784,7
9785,7
9786,7
9787,7
9788,7
9789,7
9790,7
9791,7
9792,7
9793,7
9794,7
9795,7
9796,7
9797,7
9798,7
9799,7
9800,7
9801,7
9802,7
9803,7
9804,7
9805,7
9806,7
9807,7
9808,7
9809,7
9810,7
9811,7
9812,7
9813,7
9814,7
9815,7
9816,7
9817,7
9818,7
9819,7
9820,7
9821,7
9822,7
9823,7
9824,7
9825,7
9826,7
9827,7
9828,7
9829,7
9830,7
9831,7
9832,7
9833,7
9834,7
9835,7
9836,7
9837,7
9838,7
9839,7
9840,7
9841,7
9842,7
9843,7
9844,7
9845,7
9846,7
9847,7
9848,7
9849,7
9850,7
9851,7
9852,7
9853,7
9854,7
9855,7
9856,7
9857,7
9858,7
9859,7
9860,7
9861,7
9862,7
9863,7
9864,7
9865,7
9866,7
9867,7
9868,7
9869,7
9870,7
9871,7
9872,7
9873,7
9874,7
9875,7
9876,7
9877,7
9878,7
9879,7
9880,7
9881,7
9882,7
9883,7
9884,7
9885,7
9886,7
9887,7
9888,7
9889,7
9890,7
9891,7
9892,7
9893,7
9894,7
9895,7
9896,7
9897,7
9898,7
9899,7
9900,7
9901,7
9902,7
9903,7
9904,7
9905,7
9906,7
9907,7
9908,7
9909,7
9910,7
9911,7
9912,7
9913,7
9914,7
9915,7
9916,7
9917,7
9918,7
9919,7
9920,7
9921,7
9922,7
9923,7
9924,7
9925,7
9926,7
9927,7
9928,7
9929,7
9930,7
9931,7
9932,7
9933,7
9934,7
9935,7
9936,7
9937,7
9938,7
9939,7
9940,7
9941,7
9942,7
9943,7
9944,7
9945,7
9946,7
9947,7
9948,7
9949,7
9950,7
9951,7
9952,7
9953,7
9954,7
9955,7
9956,7
9957,7
9958,7
9959,7
9960,7
9961,7
9962,7
9963,7
9964,7
9965,7
9966,7
9967,7
9968,7
9969,7
9970,7
9971,7
9972,7
9973,7
9974,7
9975,7
9976,7
9977,7
9978,7
9979,7
9980,7
9981,7
9982,7
9983,7
9984,7
9985,7
9986,7
9987,7
9988,7
9989,7
9990,7
9991,7
9992,7
9993,7
9994,7
9995,7
9996,7
9997,7
9998,7
9999,7
10000,8
10001,8
10002,8
10003,8
10004,8
10005,8
10006,8
10007,8
10008,8
10009,8
10010,8
10011,8
10012,8
10013,8
10014,8
10015,8
10016,8
10017,8
10018,8
10019,8
10020,8
10021,8
10022,8
10023,8
10024,8
10025,8
10026,8
10027,8
10028,8
10029,8
10030,8
10031,8
10032,8
10033,8
10034,8
10035,8
10036,8
10037,8
10038,8
10039,8
10040,8
10041,8
10042,8
10043,8
10044,8
10045,8
10046,8
10047,8
10048,8
10049,8
10050,8
10051,8
10052,8
10053,8
10054,8
10055,8
10056,8
10057,8
10058,8
10059,8
10060,8
10061,8
10062,8
10063,8
10064,8
10065,8
10066,8
10067,8
10068,8
10069,8
10070,8
10071,8
10072,8
10073,8
10074,8
10075,8
10076,8
10077,8
10078,8
10079,8
10080,8
10081,8
10082,8
10083,8
10084,8
10085,8
10086,8
10087,8
10088,8
10089,8
10090,8
10091,8
10092,8
10093,8
10094,8
10095,8
10096,8
10097,8
10098,8
10099,8
10100,8
10101,8
10102,8
10103,8
10104,8
10105,8
10106,8
10107,8
10108,8
10109,8
10110,8
10111,8
10112,8
10113,8
10114,8
10115,8
10116,8
10117,8
10118,8
10119,8
10120,8
10121,8
10122,8
10123,8
10124,8
10125,8
10126,8
10127,8
10128,8
10129,8
10130,8
10131,8
10132,8
10133,8
10134,8
10135,8
10136,8
10137,8
10138,8
10139,8
10140,8
10141,8
10142,8
10143,8
10144,8
10145,8
10146,8
10147,8
10148,8
10149,8
10150,8
10151,8
10152,8
10153,8
10154,8
10155,8
10156,8
10157,8
10158,8
10159,8
10160,8
10161,8
10162,8
10163,8
10164,8
10165,8
10166,8
10167,8
10168,8
10169,8
10170,8
10171,8
10172,8
10173,8
10174,8
10175,8
10176,8
10177,8
10178,8
10179,8
10180,8
10181,8
10182,8
10183,8
10184,8
10185,8
10186,8
10187,8
10188,8
10189,8
10190,8
10191,8
10192,8
10193,8
10194,8
10195,8
10196,8
10197,8
10198,8
10199,8
10200,8
10201,8
10202,8
10203,8
10204,8
10205,8
10206,8
10207,8
10208,8
10209,8
10210,8
10211,8
10212,8
10213,8
10214,8
10215,8
10216,8
10218,8
10219,8
10220,8
10221,8
10222,8
10223,8
10224,8
10225,8
10226,8
10227,8
10228,8
10229,8
10230,8
10231,8
10232,8
10233,8
10234,8
10235,8
10236,8
10237,8
10238,8
10239,8
10240,8
10241,8
10242,8
10243,8
10244,8
10245,8
10246,8
10247,8
10248,8
10249,8
10250,9
10251,9
10252,9
10253,9
10254,9
10255,9
10256,9
10257,9
10258,9
10259,9
10260,9
10261,9
10262,9
10263,9
10264,9
10265,9
10266,9
10267,9
10268,9
10269,9
10270,9
10271,9
10272,9
10273,9
10274,9
10276,9
10277,9
10278,9
10279,9
10280,9
10281,9
10282,9
10283,9
10284,9
10285,9
10286,9
10287,9
10289,9
10290,9
10291,9
10292,9
10293,9
10294,9
10295,9
10296,9
10297,9
10298,9
10299,9
10300,9
10301,9
10302,9
10303,9
10304,9
10305,9
10306,9
10307,9
10308,9
10309,9
10310,9
10311,9
10312,9
10313,9
10314,9
10315,9
10316,9
10317,9
10318,9
10319,9
10320,9
10321,9
10322,9
10323,9
10324,9
10325,9
10326,9
10327,9
10328,9
10329,9
10330,9
10331,9
10332,9
10333,9
10334,9
10335,9
10336,9
10337,9
10338,9
10339,9
10340,9
10341,9
10342,9
10343,9
10344,9
10345,9
10346,9
10347,9
10348,9
10349,9
10350,9
10351,9
10352,9
10353,9
10354,9
10355,9
10356,9
10357,9
10358,9
10359,9
10360,9
10361,9
10362,9
10363,9
10364,9
10365,9
10366,9
10367,9
10368,9
10369,9
10370,9
10371,9
10372,9
10373,9
10374,9
10375,9
10376,9
10377,9
10378,9
10379,9
10380,9
10381,9
10382,9
10383,9
10384,9
10385,9
10386,9
10387,9
10388,9
10389,9
10390,9
10391,9
10392,9
10393,9
10394,9
10395,9
10396,9
10397,9
10398,9
10399,9
10400,9
10401,9
10402,9
10403,9
10404,9
10405,9
10406,9
10407,9
10408,9
10409,9
10410,9
10411,9
10412,9
10413,9
10414,9
10415,9
10416,9
10417,9
10418,9
10419,9
10420,9
10421,9
10422,9
10423,9
10424,9
10425,9
10426,9
10427,9
10428,9
10429,9
10430,9
10431,9
10432,9
10433,9
10434,9
10435,9
10436,9
10437,9
10438,9
10439,9
10440,9
10441,9
10442,9
10443,9
10444,9
10445,9
10446,9
10447,9
10448,9
10449,9
10450,9
10451,9
10452,9
10453,9
10454,9
10455,9
10456,9
10457,9
10458,9
10459,9
10460,9
10461,9
10462,9
10463,9
10464,9
10465,9
10466,9
10467,9
10468,9
10469,9
10470,9
10471,9
10472,9
10473,9
10474,9
10475,9
10476,9
10477,9
10478,9
10479,9
10480,9
10481,9
10482,9
10483,9
10484,9
10485,9
10486,9
10487,9
10488,9
10489,9
10490,9
10491,9
10492,9
10493,9
10494,9
10495,9
10496,9
10497,9
10498,9
10499,9
10500,10
10501,10
10502,10
10503,10
10504,10
10505,10
10506,10
10507,10
10508,10
10509,10
10510,10
10511,10
10512,10
10513,10
10514,10
10515,10
10516,10
10517,10
10518,10
10519,10
10520,10
10521,10
10522,10
10523,10
10524,10
10525,10
10526,10
10527,10
10528,10
10529,10
10530,10
10531,10
10532,10
10533,10
10534,10
10535,10
10536,10
10537,10
10538,10
10539,10
10540,10
10541,10
10542,10
10543,10
10544,10
10545,10
10546,10
10547,10
10548,10
10549,10
10550,10
10551,10
10552,10
10553,10
10554,10
10555,10
10556,10
10557,10
10558,10
10559,10
10560,10
10561,10
10562,10
10563,10
10564,10
10565,10
10566,10
10567,10
10568,10
10569,10
10570,10
10571,10
10572,10
10573,10
10574,10
10575,10
10576,10
10577,10
10578,10
10579,10
10580,10
10581,10
10582,10
10583,10
10584,10
10585,10
10586,10
10587,10
10588,10
10589,10
10590,10
10591,10
10592,10
10593,10
10594,10
10596,10
10597,10
10598,10
10599,10
10600,10
10601,10
10602,10
10603,10
10604,10
10605,10
10606,10
10607,10
10608,10
10609,10
10610,10
10611,10
10612,10
10613,10
10614,10
10615,10
10616,10
10617,10
10618,10
10619,10
10620,10
10621,10
10622,10
10623,10
10624,10
10625,10
10626,10
10627,10
10628,10
10629,10
10630,10
10631,10
10632,10
10633,10
10634,10
10635,10
10636,10
10637,10
10638,10
10639,10
10640,10
10641,10
10642,10
10643,10
10644,10
10645,10
10646,10
10647,10
10648,10
10649,10
10650,10
10651,10
10652,10
10653,10
10654,10
10655,10
10656,10
10657,10
10658,10
10659,10
10660,10
10661,10
10662,10
10663,10
10664,10
10665,10
10666,10
10667,10
10668,10
10669,10
10670,10
10671,10
10672,10
10673,10
10674,10
10675,10
10676,10
10677,10
10678,10
10679,10
10680,10
10681,10
10682,10
10683,10
10684,10
10685,10
10686,10
10687,10
10688,10
10689,10
10690,10
10691,10
10692,10
10693,10
10694,10
10695,10
10696,10
10697,10
10698,10
10699,10
10700,10
10701,10
10702,10
10703,10
10704,10
10705,10
10706,10
10707,10
10708,10
10709,10
10710,10
10711,10
10712,10
10713,10
10714,10
10715,10
10716,10
10717,10
10718,10
10719,10
10720,10
10721,10
10722,10
10723,10
10724,10
10725,10
10726,10
10727,10
10728,10
10729,10
10730,10
10731,10
10732,10
10733,10
10734,10
10735,10
10736,10
10737,10
10738,10
10739,10
10740,10
10741,10
10742,10
10743,10
10744,10
10745,10
10746,10
10747,10
10748,10
10749,10
10750,11
10751,11
10752,11
10753,11
10754,11
10755,11
10756,11
10757,11
10758,11
10759,11
10760,11
10761,11
10762,11
10763,11
10764,11
10765,11
10766,11
10767,11
10768,11
10769,11
10770,11
10771,11
10772,11
10773,11
10774,11
10775,11
10776,11
10777,11
10778,11
10779,11
10780,11
10781,11
10782,11
10783,11
10784,11
10785,11
10786,11
10787,11
10788,11
10789,11
10790,11
10791,11
10792,11
10793,11
10794,11
10795,11
10796,11
10797,11
10798,11
10799,11
10800,11
10801,11
10802,11
10803,11
10804,11
10805,11
10806,11
10807,11
10808,11
10809,11
10810,11
10811,11
10812,11
10813,11
10814,11
10815,11
10816,11
10817,11
10818,11
10819,11
10820,11
10821,11
10822,11
10823,11
10824,11
10825,11
10826,11
10827,11
10828,11
10829,11
10830,11
10831,11
10832,11
10833,11
10834,11
10835,11
10836,11
10837,11
10838,11
10839,11
10840,11
10841,11
10842,11
10843,11
10844,11
10845,11
10846,11
10847,11
10848,11
10849,11
10850,11
10851,11
10852,11
10853,11
10854,11
10855,11
10856,11
10857,11
10858,11
10859,11
10860,11
10861,11
10862,11
10863,11
10864,11
10865,11
10866,11
10867,11
10868,11
10869,11
10870,11
10871,11
10872,11
10873,11
10874,11
10875,11
10876,11
10877,11
10878,11
10879,11
10880,11
10881,11
10882,11
10883,11
10884,11
10885,11
10886,11
10887,11
10888,11
10889,11
10890,11
10891,11
10892,11
10893,11
10894,11
10895,11
10896,11
10897,11
10898,11
10899,11
10900,11
10901,11
10902,11
10903,11
10904,11
10905,11
10906,11
10907,11
10908,11
10909,11
10910,11
10911,11
10912,11
10913,11
10914,11
10915,11
10916,11
10917,11
10918,11
10919,11
10920,11
10921,11
10922,11
10923,11
10924,11
10925,11
10926,11
10927,11
10928,11
10929,11
10930,11
10931,11
10932,11
10933,11
10934,11
10935,11
10936,11
10937,11
10938,11
10939,11
10940,11
10941,11
10942,11
10943,11
10944,11
10945,11
10946,11
10947,11
10948,11
10949,11
10950,11
10951,11
10952,11
10953,11
10954,11
10955,11
10956,11
10957,11
10958,11
10959,11
10960,11
10961,11
10962,11
10963,11
10964,11
10965,11
10966,11
10967,11
10968,11
10969,11
10970,11
10971,11
10972,11
10973,11
10974,11
10975,11
10976,11
10977,11
10978,11
10979,11
10980,11
10981,11
10982,11
10983,11
10984,11
10985,11
10986,11
10987,11
10988,11
10989,11
10990,11
10991,11
10992,11
10993,11
10994,11
10995,11
10996,11
10997,11
10998,11
10999,11
11000,12
11001,12
11002,12
11003,12
11004,12
11005,12
11006,12
11007,12
11008,12
11009,12
11010,12
11011,12
11012,12
11013,12
11014,12
11015,12
11016,12
11017,12
11018,12
11019,12
11020,12
11021,12
11022,12
11023,12
11024,12
11025,12
11026,12
11027,12
11028,12
11029,12
11030,12
11031,12
11032,12
11033,12
11034,12
11035,12
11036,12
11037,12
11038,12
11039,12
11040,12
11041,12
11042,12
11043,12
11044,12
11045,12
11046,12
11047,12
11048,12
11049,12
11050,12
11051,12
11052,12
11053,12
11054,12
11055,12
11056,12
11057,12
11058,12
11059,12
11060,12
11061,12
11062,12
11063,12
11064,12
11065,12
11066,12
11067,12
11068,12
11069,12
11070,12
11071,12
11072,12
11073,12
11074,12
11075,12
11076,12
11077,12
11078,12
11079,12
11080,12
11081,12
11082,12
11083,12
11084,12
11085,12
11086,12
11087,12
11088,12
11089,12
11090,12
11091,12
11092,12
11093,12
11094,12
11095,12
11096,12
11097,12
11098,12
11099,12
11100,12
11101,12
11102,12
11103,12
11104,12
11105,12
11106,12
11107,12
11108,12
11109,12
11110,12
11111,12
11112,12
11113,12
11114,12
11115,12
11116,12
11117,12
11118,12
11119,12
11120,12
11121,12
11122,12
11123,12
11124,12
11125,12
11126,12
11127,12
11128,12
11129,12
11130,12
11131,12
11132,12
11133,12
11134,12
11135,12
11136,12
11137,12
11138,12
11139,12
11140,12
11141,12
11142,12
11143,12
11144,12
11145,12
11146,12
11147,12
11148,12
11149,12
11150,12
11151,12
11152,12
11153,12
11154,12
11155,12
11156,12
11157,12
11158,12
11159,12
11160,12
11161,12
11162,12
11163,12
11164,12
11165,12
11166,12
11167,12
11168,12
11169,12
11170,12
11171,12
11172,12
11173,12
11174,12
11175,12
11176,12
11177,12
11178,12
11179,12
11180,12
11181,12
11182,12
11183,12
11184,12
11185,12
11186,12
11187,12
11188,12
11189,12
11190,12
11191,12
11192,12
11193,12
11194,12
11195,12
11196,12
11197,12
11198,12
11199,12
11200,12
11201,12
11202,12
11203,12
11204,12
11205,12
11206,12
11207,12
11208,12
11209,12
11210,12
11211,12
11212,12
11213,12
11214,12
11215,12
11216,12
11217,12
11218,12
11219,12
11220,12
11221,12
11222,12
11223,12
11224,12
11225,12
11226,12
11227,12
11228,12
11229,12
11230,12
11231,12
11232,12
11233,12
11234,12
11235,12
11236,12
11237,12
11238,12
11239,12
11240,12
11241,12
11242,12
11243,12
11244,12
11245,12
11246,12
11247,12
11248,12
11249,12
11250,13
11251,13
11252,13
11253,13
11254,13
11255,13
11256,13
11257,13
11258,13
11259,13
11260,13
11261,13
11262,13
11263,13
11264,13
11265,13
11266,13
11267,13
11268,13
11269,13
11270,13
11271,13
11272,13
11273,13
11274,13
11275,13
11276,13
11277,13
11278,13
11279,13
11280,13
11281,13
11282,13
11283,13
11284,13
11285,13
11286,13
11287,13
11288,13
11289,13
11290,13
11291,13
11292,13
11293,13
11294,13
11295,13
11296,13
11297,13
11298,13
11299,13
11300,13
11301,13
11302,13
11303,13
11304,13
11305,13
11306,13
11307,13
11308,13
11309,13
11310,13
11311,13
11312,13
11313,13
11314,13
11315,13
11316,13
11317,13
11318,13
11319,13
11320,13
11321,13
11322,13
11323,13
11324,13
11325,13
11326,13
11327,13
11328,13
11329,13
11330,13
11331,13
11332,13
11333,13
11334,13
11335,13
11336,13
11337,13
11338,13
11339,13
11340,13
11341,13
11342,13
11343,13
11344,13
11345,13
11346,13
11347,13
11348,13
11349,13
11350,13
11351,13
11352,13
11353,13
11354,13
11355,13
11356,13
11357,13
11358,13
11359,13
11360,13
11361,13
11362,13
11363,13
11364,13
11365,13
11366,13
11367,13
11368,13
11369,13
11370,13
11371,13
11372,13
11373,13
11374,13
11375,13
11376,13
11377,13
11378,13
11379,13
11380,13
11381,13
11382,13
11383,13
11384,13
11385,13
11386,13
11387,13
11388,13
11389,13
11390,13
11391,13
11392,13
11393,13
11394,13
11395,13
11396,13
11397,13
11398,13
11399,13
11400,13
11401,13
11402,13
11403,13
11404,13
11405,13
11406,13
11407,13
11408,13
11409,13
11410,13
11411,13
11412,13
11413,13
11414,13
11415,13
11416,13
11417,13
11418,13
11419,13
11420,13
11421,13
11422,13
11423,13
11424,13
11425,13
11426,13
11427,13
11428,13
11429,13
11430,13
11431,13
11432,13
11433,13
11434,13
11435,13
11436,13
11437,13
11438,13
11439,13
11440,13
11441,13
11442,13
11443,13
11444,13
11445,13
11446,13
11447,13
11448,13
11449,13
11450,13
11451,13
11452,13
11453,13
11454,13
11455,13
11456,13
11457,13
11458,13
11459,13
11460,13
11461,13
11462,13
11463,13
11464,13
11465,13
11466,13
11467,13
11468,13
11469,13
11470,13
11471,13
11472,13
11473,13
11474,13
11475,13
11476,13
11477,13
11478,13
11479,13
11480,13
11481,13
11482,13
11483,13
11484,13
11485,13
11486,13
11487,13
11488,13
11489,13
11490,13
11491,13
11492,13
11493,13
11494,13
11495,13
11496,13
11497,13
11498,13
11499,13
11500,14
11501,14
11502,14
11503,14
11504,14
11505,14
11506,14
11507,14
11508,14
11509,14
11510,14
11511,14
11512,14
11513,14
11514,14
11515,14
11516,14
11517,14
11518,14
11519,14
11520,14
11521,14
11522,14
11523,14
11524,14
11525,14
11526,14
11527,14
11528,14
11529,14
11530,14
11531,14
11532,14
11533,14
11534,14
11535,14
11536,14
11537,14
11538,14
11539,14
11540,14
11541,14
11542,14
11543,14
11544,14
11545,14
11546,14
11547,14
11548,14
11549,14
11550,14
11551,14
11552,14
11553,14
11554,14
11555,14
11556,14
11557,14
11558,14
11559,14
11560,14
11561,14
11562,14
11563,14
11564,14
11565,14
11566,14
11567,14
11568,14
11569,14
11570,14
11571,14
11572,14
11573,14
11574,14
11575,14
11576,14
11577,14
11578,14
11579,14
11580,14
11581,14
11582,14
11583,14
11584,14
11585,14
11586,14
11587,14
11588,14
11589,14
11590,14
11591,14
11592,14
11593,14
11594,14
11595,14
11596,14
11597,14
11598,14
11599,14
11600,14
11601,14
11602,14
11603,14
11604,14
11605,14
11606,14
11607,14
11608,14
11609,14
11610,14
11611,14
11612,14
11613,14
11614,14
11615,14
11616,14
11617,14
11618,14
11619,14
11620,14
11621,14
11622,14
11623,14
11624,14
11625,14
11626,14
11627,14
11628,14
11629,14
11630,14
11631,14
11632,14
11633,14
11634,14
11635,14
11636,14
11637,14
11638,14
11639,14
11640,14
11641,14
11642,14
11643,14
11644,14
11645,14
11646,14
11647,14
11648,14
11649,14
11650,14
11651,14
11652,14
11653,14
11654,14
11655,14
11656,14
11657,14
11658,14
11659,14
11660,14
11661,14
11662,14
11663,14
11664,14
11665,14
11666,14
11667,14
11668,14
11669,14
11670,14
11671,14
11672,14
11673,14
11674,14
11675,14
11676,14
11677,14
11678,14
11679,14
11680,14
11681,14
11682,14
11683,14
11684,14
11685,14
11686,14
11687,14
11688,14
11689,14
11690,14
11691,14
11692,14
11693,14
11694,14
11695,14
11696,14
11697,14
11698,14
11699,14
11700,14
11701,14
11702,14
11703,14
11704,14
11705,14
11706,14
11707,14
11708,14
11709,14
11710,14
11711,14
11712,14
11713,14
11714,14
11715,14
11716,14
11717,14
11718,14
11719,14
11720,14
11721,14
11722,14
11723,14
11724,14
11725,14
11726,14
11727,14
11728,14
11729,14
11730,14
11731,14
11732,14
11733,14
11734,14
11735,14
11736,14
11737,14
11738,14
11739,14
11740,14
11741,14
11742,14
11743,14
11744,14
11745,14
11746,14
11747,14
11748,14
11749,14
11750,15
11751,15
11752,15
11753,15
11754,15
11755,15
11756,15
11757,15
11758,15
11759,15
11760,15
11761,15
11762,15
11763,15
11764,15
11765,15
11766,15
11767,15
11768,15
11769,15
11770,15
11771,15
11772,15
11773,15
11774,15
11775,15
11776,15
11777,15
11778,15
11779,15
11780,15
11781,15
11782,15
11783,15
11784,15
11785,15
11786,15
11787,15
11788,15
11789,15
11790,15
11791,15
11792,15
11793,15
11794,15
11795,15
11796,15
11797,15
11798,15
11799,15
11800,15
11801,15
11802,15
11803,15
11804,15
11805,15
11806,15
11807,15
11808,15
11809,15
11810,15
11811,15
11812,15
11813,15
11814,15
11815,15
11816,15
11817,15
11818,15
11819,15
11820,15
11821,15
11822,15
11823,15
11824,15
11825,15
11826,15
11827,15
11828,15
11829,15
11830,15
11831,15
11832,15
11833,15
11834,15
11835,15
11836,15
11837,15
11838,15
11839,15
11840,15
11841,15
11842,15
11843,15
11844,15
11845,15
11846,15
11847,15
11848,15
11849,15
11850,15
11851,15
11852,15
11853,15
11854,15
11855,15
11856,15
11857,15
11858,15
11859,15
11860,15
11861,15
11862,15
11863,15
11864,15
11865,15
11866,15
11867,15
11868,15
11869,15
11870,15
11871,15
11872,15
11873,15
11874,15
11875,15
11876,15
11877,15
11878,15
11879,15
11880,15
11881,15
11882,15
11883,15
11884,15
11885,15
11886,15
11887,15
11888,15
11889,15
11890,15
11891,15
11892,15
11893,15
11894,15
11895,15
11896,15
11897,15
11898,15
11899,15
11900,15
11901,15
11902,15
11903,15
11904,15
11905,15
11906,15
11907,15
11908,15
11909,15
11910,15
11911,15
11912,15
11913,15
11914,15
11915,15
11916,15
11917,15
11918,15
11919,15
11920,15
11921,15
11922,15
11923,15
11924,15
11925,15
11926,15
11927,15
11928,15
11929,15
11930,15
11931,15
11932,15
11933,15
11934,15
11935,15
11936,15
11937,15
11938,15
11939,15
11940,15
11941,15
11942,15
11943,15
11944,15
11945,15
11946,15
11947,15
11948,15
11949,15
11950,15
11951,15
11952,15
11953,15
11954,15
11955,15
11956,15
11957,15
11958,15
11959,15
11960,15
11961,15
11962,15
11963,15
11964,15
11965,15
11966,15
11967,15
11968,15
11969,15
11970,15
11971,15
11972,15
11973,15
11974,15
11975,15
11976,15
11977,15
11978,15
11979,15
11980,15
11981,15
11982,15
11983,15
11984,15
11985,15
11986,15
11987,15
11988,15
11989,15
11990,15
11991,15
11992,15
11993,15
11994,15
11995,15
11996,15
11997,15
11998,15
11999,15
12000,16
12001,16
12002,16
12003,16
12004,16
12005,16
12006,16
12007,16
12008,16
12009,16
12010,16
12011,16
12012,16
12013,16
12014,16
12015,16
12016,16
12017,16
12018,16
12019,16
12020,16
12021,16
12022,16
12023,16
12024,16
12025,16
12026,16
12027,16
12028,16
12029,16
12030,16
12031,16
12032,16
12033,16
12034,16
12035,16
12036,16
12037,16
12038,16
12039,16
12040,16
12041,16
12042,16
12043,16
12044,16
12045,16
12046,16
12047,16
12048,16
12049,16
12050,16
12051,16
12052,16
12053,16
12054,16
12055,16
12056,16
12057,16
12058,16
12059,16
12060,16
12061,16
12062,16
12063,16
12064,16
12065,16
12066,16
12067,16
12068,16
12069,16
12070,16
12071,16
12072,16
12073,16
12074,16
12075,16
12076,16
12077,16
12078,16
12079,16
12080,16
12081,16
12082,16
12083,16
12084,16
12085,16
12086,16
12087,16
12088,16
12089,16
12090,16
12091,16
12092,16
12093,16
12094,16
12095,16
12096,16
12097,16
12098,16
12099,16
12100,16
12101,16
12102,16
12103,16
12104,16
12105,16
12106,16
12107,16
12108,16
12109,16
12110,16
12111,16
12112,16
12113,16
12114,16
12115,16
12116,16
12117,16
12118,16
12119,16
12120,16
12121,16
12122,16
12123,16
12124,16
12125,16
12126,16
12127,16
12128,16
12129,16
12130,16
12131,16
12132,16
12133,16
12134,16
12135,16
12136,16
12137,16
12138,16
12139,16
12140,16
12141,16
12142,16
12143,16
12144,16
12145,16
12146,16
12147,16
12148,16
12149,16
12150,16
12151,16
12152,16
12153,16
12154,16
12155,16
12156,16
12157,16
12158,16
12159,16
12160,16
12161,16
12162,16
12163,16
12164,16
12165,16
12166,16
12167,16
12168,16
12169,16
12170,16
12171,16
12172,16
12173,16
12174,16
12175,16
12176,16
12177,16
12178,16
12179,16
12180,16
12181,16
12182,16
12183,16
12184,16
12185,16
12186,16
12187,16
12188,16
12189,16
12190,16
12191,16
12192,16
12193,16
12194,16
12195,16
12196,16
12197,16
12198,16
12199,16
12200,16
12201,16
12202,16
12203,16
12204,16
12205,16
12206,16
12207,16
12208,16
12209,16
12210,16
12211,16
12212,16
12213,16
12214,16
12215,16
12216,16
12217,16
12218,16
12219,16
12220,16
12221,16
12222,16
12223,16
12224,16
12225,16
12226,16
12227,16
12228,16
12229,16
12230,16
12231,16
12232,16
12233,16
12234,16
12235,16
12236,16
12237,16
12238,16
12239,16
12240,16
12241,16
12242,16
12243,16
12244,16
12245,16
12246,16
12247,16
12248,16
12249,16
12250,17
12251,17
12252,17
12253,17
12254,17
12255,17
12256,17
12257,17
12258,17
12259,17
12260,17
12261,17
12262,17
12263,17
12264,17
12265,17
12266,17
12267,17
12268,17
12269,17
12270,17
12271,17
12272,17
12273,17
12274,17
12275,17
12276,17
12277,17
12278,17
12279,17
12280,17
12281,17
12282,17
12283,17
12284,17
12285,17
12286,17
12287,17
12288,17
12289,17
12290,17
12291,17
12292,17
12293,17
12294,17
12295,17
12296,17
12297,17
12298,17
12299,17
12300,17
12301,17
12302,17
12303,17
12304,17
12305,17
12306,17
12307,17
12308,17
12309,17
12310,17
12311,17
12312,17
12313,17
12314,17
12315,17
12316,17
12317,17
12318,17
12319,17
12320,17
12321,17
12322,17
12323,17
12324,17
12325,17
12326,17
12327,17
12328,17
12329,17
12330,17
12331,17
12332,17
12333,17
12334,17
12335,17
12336,17
12337,17
12338,17
12339,17
12340,17
12341,17
12342,17
12343,17
12344,17
12345,17
12346,17
12347,17
12348,17
12349,17
12350,17
12351,17
12352,17
12353,17
12354,17
12355,17
12356,17
12357,17
12358,17
12359,17
12360,17
12361,17
12362,17
12363,17
12364,17
12365,17
12366,17
12367,17
12368,17
12369,17
12370,17
12371,17
12372,17
12373,17
12374,17
12375,17
12376,17
12377,17
12378,17
12379,17
12380,17
12381,17
12382,17
12383,17
12384,17
12385,17
12386,17
12387,17
12388,17
12389,17
12390,17
12391,17
12392,17
12393,17
12394,17
12395,17
12396,17
12397,17
12398,17
12399,17
12400,17
12401,17
12402,17
12403,17
12404,17
12405,17
12406,17
12407,17
12408,17
12409,17
12410,17
12411,17
12412,17
12413,17
12414,17
12415,17
12416,17
12417,17
12418,17
12419,17
12420,17
12421,17
12422,17
12423,17
12424,17
12425,17
12426,17
12427,17
12428,17
12429,17
12430,17
12431,17
12432,17
12433,17
12434,17
12435,17
12436,17
12437,17
12438,17
12439,17
12440,17
12441,17
12442,17
12443,17
12444,17
12445,17
12446,17
12447,17
12448,17
12449,17
12450,17
12451,17
12452,17
12453,17
12454,17
12455,17
12456,17
12457,17
12458,17
12459,17
12460,17
12461,17
12462,17
12463,17
12464,17
12465,17
12466,17
12467,17
12468,17
12469,17
12470,17
12471,17
12472,17
12473,17
12474,17
12475,17
12476,17
12477,17
12478,17
12479,17
12480,17
12481,17
12482,17
12483,17
12484,17
12485,17
12486,17
12487,17
12488,17
12489,17
12490,17
12491,17
12492,17
12494,17
12495,17
12496,17
12497,17
12498,17
12499,17
12500,18
12501,18
12502,18
12503,18
12504,18
12505,18
12506,18
12507,18
12508,18
12509,18
12510,18
12511,18
12512,18
12513,18
12514,18
12515,18
12516,18
12517,18
12518,18
12519,18
12520,18
12521,18
12522,18
12523,18
12524,18
12525,18
12526,18
12527,18
12528,18
12529,18
12530,18
12531,18
12532,18
12533,18
12534,18
12535,18
12536,18
12537,18
12538,18
12539,18
12540,18
12541,18
12542,18
12543,18
12544,18
12545,18
12546,18
12547,18
12548,18
12549,18
12550,18
12551,18
12552,18
12553,18
12554,18
12555,18
12556,18
12557,18
12558,18
12559,18
12560,18
12561,18
12562,18
12563,18
12564,18
12565,18
12566,18
12567,18
12568,18
12569,18
12570,18
12571,18
12572,18
12573,18
12574,18
12575,18
12576,18
12577,18
12578,18
12579,18
12580,18
12581,18
12582,18
12583,18
12584,18
12585,18
12586,18
12587,18
12588,18
12589,18
12590,18
12591,18
12592,18
12593,18
12594,18
12595,18
12596,18
12597,18
12598,18
12599,18
12600,18
12601,18
12602,18
12603,18
12604,18
12605,18
12606,18
12607,18
12608,18
12609,18
12610,18
12611,18
12612,18
12613,18
12614,18
12615,18
12616,18
12617,18
12618,18
12619,18
12620,18
12621,18
12622,18
12623,18
12624,18
12625,18
12626,18
12627,18
12628,18
12629,18
12630,18
12631,18
12632,18
12633,18
12634,18
12635,18
12636,18
12637,18
12638,18
12639,18
12640,18
12641,18
12642,18
12643,18
12644,18
12645,18
12646,18
12647,18
12648,18
12649,18
12650,18
12651,18
12652,18
12653,18
12654,18
12655,18
12656,18
12657,18
12658,18
12659,18
12660,18
12662,18
12663,18
12664,18
12665,18
12666,18
12667,18
