file,sha256,bytes
colophon-comparison-600dpi.png,aad988798fe8a93722f381eac546981399104e81beaab53eb98718e050f3781b,145457
fr-api-E5-2393-probe.json,cfb3e520f785292dcf668062d5b591382ae1893183fcef019228271e47a2741c,2878
fr-api-E5-2394-404.html,7d80334cd926333e2ad7bec254d8b787c397ef2b9dd0f6f944168b300e340edf,4569
fr-api-E5-2394-probe.json,7d80334cd926333e2ad7bec254d8b787c397ef2b9dd0f6f944168b300e340edf,4569
fr-api-E5-2394Filed.json,1116feb15618a7987b6274fabaf1768cb770087616875b437c8b07825e916fd6,3828
fr-api-E5-2395-probe.json,b86828f73f80d24c4a7150626f39f7ac004517ac9d52f430b6c333ba2751757d,2870
fr-api-E5-2396-probe.json,7d80334cd926333e2ad7bec254d8b787c397ef2b9dd0f6f944168b300e340edf,4569
fr-rawtext-E5-2394Filed.txt,cdd08311b6320f02e7e7f8e1f50b31548442c82bcbc8fa4ae4fafd4f29ebe12e,6537
govinfo-mods-E5-2394Filed.xml,2824fa1961d6bd2b2e3dbb83ccdb00c26a277e7232f50d5f8572643a409c816e,11035
govinfo-print-E5-2394-notfound.html,598bb28b1295e58c38f8b9e51250a7ca047d1124411b06ec8aeff92623175525,44165
govinfo-print-FR-2005-05-16-E5-2394Filed.pdf,2c6dcdc19ba2e443f3536a871efe859f7fe0d8922e7a8ceb4bedd4ede8835b2f,144625
hdr-fr-api-E5-2393.txt,7c960309b3da5aa219aa62437b6b38bd4f8880ddc2b01e395e6002d44ecb6ea8,939
hdr-fr-api-E5-2394.txt,0ea8e75545099e4df08ff437a66bc6614c4debf7ccfd990967711cf3d900c1e9,274
hdr-fr-api-E5-2395.txt,8c7b091b5e4700c9616a9ad2c076cf8579fd44c72e7f080107e37a5562721f2d,939
hdr-fr-api-E5-2396.txt,69d5f8569699fcb968e9ad38c57a78669887c434cc0cdd8f8aa7d6d7127abfd3,274
