rin,publication_id,ordinal,citation_ordinal,authority_text,authority_type,parse_status,admin_order_kind,admin_order_number
1014-AA51,202104,2,0,OMB Circular A-119,administrative_order,ok,OMB Circular,A-119
1014-AA51,202110,2,0,OMB Circular A-119,administrative_order,ok,OMB Circular,A-119
1014-AA51,202204,2,0,OMB Circular A-119,administrative_order,ok,OMB Circular,A-119
1014-AA51,202210,2,0,OMB Circular A-119,administrative_order,ok,OMB Circular,A-119
1014-AA51,202304,2,0,OMB Circular A-119,administrative_order,ok,OMB Circular,A-119
1014-AA51,202310,2,0,OMB Circular A-119,administrative_order,ok,OMB Circular,A-119
1014-AA51,202404,2,0,OMB Circular A-119,administrative_order,ok,OMB Circular,A-119
1014-AA51,202410,2,0,OMB Circular A-119,administrative_order,ok,OMB Circular,A-119
1014-AA51,202504,2,0,OMB Circular A-119,administrative_order,ok,OMB Circular,A-119
1014-AA51,202510,2,0,OMB Circular A-119,administrative_order,ok,OMB Circular,A-119
1018-AH69,200104,0,0,OMB Circular A-133,administrative_order,ok,OMB Circular,A-133
1018-AH69,200110,0,0,OMB Circular A-133,administrative_order,ok,OMB Circular,A-133
1018-AH69,200204,0,0,OMB Circular A-133,administrative_order,ok,OMB Circular,A-133
1018-AH69,200210,0,0,OMB Circular A-133,administrative_order,ok,OMB Circular,A-133
1018-AH69,200304,0,0,OMB Circular A-133,administrative_order,ok,OMB Circular,A-133
1018-AH69,200310,0,0,OMB Circular A-133,administrative_order,ok,OMB Circular,A-133
1018-AH69,200404,0,0,OMB Circular A-133,administrative_order,ok,OMB Circular,A-133
1018-AH69,200410,0,0,OMB Circular A-133,administrative_order,ok,OMB Circular,A-133
1018-AH69,200504,0,0,OMB Circular A-133,administrative_order,ok,OMB Circular,A-133
1090-AA58,199610,11,0,OMB Circular A-102,administrative_order,ok,OMB Circular,A-102
1090-AA58,199610,12,0,OMB Circular A-110,administrative_order,ok,OMB Circular,A-110
1090-AA58,199610,13,0,OMB Circular A-128,administrative_order,ok,OMB Circular,A-128
1090-AA58,199610,14,0,OMB Circular A-133,administrative_order,ok,OMB Circular,A-133
1090-AA59,199704,11,0,OMB Circular A-102,administrative_order,ok,OMB Circular,A-102
1090-AA59,199704,12,0,OMB Circular A-110,administrative_order,ok,OMB Circular,A-110
1090-AA59,199704,13,0,OMB Circular A-128,administrative_order,ok,OMB Circular,A-128
1090-AA59,199704,14,0,OMB Circular A-133,administrative_order,ok,OMB Circular,A-133
1090-AA62,199710,11,0,OMB Circular A-102,administrative_order,ok,OMB Circular,A-102
1090-AA62,199710,12,0,OMB Circular A-110,administrative_order,ok,OMB Circular,A-110
1090-AA62,199710,13,0,OMB Circular A-133,administrative_order,ok,OMB Circular,A-133
1090-AA62,199804,11,0,OMB Circular A-102,administrative_order,ok,OMB Circular,A-102
1090-AA62,199804,12,0,OMB Circular A-110,administrative_order,ok,OMB Circular,A-110
1090-AA62,199804,13,0,OMB Circular A-133,administrative_order,ok,OMB Circular,A-133
1090-AA66,199804,13,0,OMB Circular A-102,administrative_order,ok,OMB Circular,A-102
1090-AA66,199804,14,0,OMB Circular A-110,administrative_order,ok,OMB Circular,A-110
1090-AA66,199810,13,0,OMB Circular A-102,administrative_order,ok,OMB Circular,A-102
1090-AA66,199810,14,0,OMB Circular A-110,administrative_order,ok,OMB Circular,A-110
1090-AA66,199904,13,0,OMB Circular A-102,administrative_order,ok,OMB Circular,A-102
1090-AA66,199904,14,0,OMB Circular A-110,administrative_order,ok,OMB Circular,A-110
1090-AA66,199910,13,0,OMB Circular A-102,administrative_order,ok,OMB Circular,A-102
1090-AA66,199910,14,0,OMB Circular A-110,administrative_order,ok,OMB Circular,A-110
1090-AA66,200004,8,0,OMB Circular A-102,administrative_order,ok,OMB Circular,A-102
1090-AA66,200004,9,0,OMB Circular A-110,administrative_order,ok,OMB Circular,A-110
1090-AA66,200010,7,0,OMB Circular A-102,administrative_order,ok,OMB Circular,A-102
1090-AA66,200010,8,0,OMB Circular A-110,administrative_order,ok,OMB Circular,A-110
1090-AA66,200104,8,0,OMB Circular A-102,administrative_order,ok,OMB Circular,A-102
1090-AA66,200104,9,0,OMB Circular A-110,administrative_order,ok,OMB Circular,A-110
1090-AA66,200110,8,0,OMB Circular A-102,administrative_order,ok,OMB Circular,A-102
1090-AA66,200110,9,0,OMB Circular A-110,administrative_order,ok,OMB Circular,A-110
1090-AA66,200204,8,0,OMB Circular A-102,administrative_order,ok,OMB Circular,A-102
1090-AA66,200204,9,0,OMB Circular A-110,administrative_order,ok,OMB Circular,A-110
1090-AA67,199804,14,0,OMB Circular A-102,administrative_order,ok,OMB Circular,A-102
1090-AA67,199810,14,0,OMB Circular A-102,administrative_order,ok,OMB Circular,A-102
1090-AA67,199810,15,0,OMB Circular A-110; OMB Circular A-133,administrative_order,partial,OMB Circular,A-110
1090-AA67,199810,15,1,OMB Circular A-110; OMB Circular A-133,administrative_order,partial,OMB Circular,A-133
1090-AA67,199904,14,0,OMB Circular A-102,administrative_order,ok,OMB Circular,A-102
1090-AA67,199904,15,0,OMB Circular A-110; OMB Circular A-133,administrative_order,partial,OMB Circular,A-110
1090-AA67,199904,15,1,OMB Circular A-110; OMB Circular A-133,administrative_order,partial,OMB Circular,A-133
1090-AA67,199910,14,0,OMB Circular A-102,administrative_order,ok,OMB Circular,A-102
1090-AA67,199910,15,0,OMB Circular A-110; OMB Circular A-133,administrative_order,partial,OMB Circular,A-110
1090-AA67,199910,15,1,OMB Circular A-110; OMB Circular A-133,administrative_order,partial,OMB Circular,A-133
1090-AA67,200004,4,0,OMB Circular A-102,administrative_order,ok,OMB Circular,A-102
1090-AA67,200004,15,0,OMB Circular A-110,administrative_order,ok,OMB Circular,A-110
1090-AA67,200004,16,0,OMB Circular A-133,administrative_order,ok,OMB Circular,A-133
1291-AA22,199510,1,0,OMB Circular A-102,administrative_order,ok,OMB Circular,A-102
1291-AA25,199710,1,0,OMB Circular A-110,administrative_order,ok,OMB Circular,A-110
1291-AA25,199710,2,0,OMB Circular A-102,administrative_order,ok,OMB Circular,A-102
1291-AA25,199804,1,0,OMB Circular A-110,administrative_order,ok,OMB Circular,A-110
1291-AA25,199804,2,0,OMB Circular A-102,administrative_order,ok,OMB Circular,A-102
1291-AA25,199810,1,0,OMB Circular A-110,administrative_order,ok,OMB Circular,A-110
1291-AA25,199810,2,0,OMB Circular A-102,administrative_order,ok,OMB Circular,A-102
1291-AA26,199804,1,0,OMB Circular A-110,administrative_order,ok,OMB Circular,A-110
1291-AA26,199804,2,0,OMB Circular A-133,administrative_order,ok,OMB Circular,A-133
1291-AA26,199810,1,0,OMB Circular A-110,administrative_order,ok,OMB Circular,A-110
1291-AA26,199810,2,0,OMB Circular A-133,administrative_order,ok,OMB Circular,A-133
1291-AA26,199904,1,0,OMB Circular A-110,administrative_order,ok,OMB Circular,A-110
1291-AA26,199904,2,0,OMB Circular A-133,administrative_order,ok,OMB Circular,A-133
1291-AA26,199910,1,0,OMB Circular A-110,administrative_order,ok,OMB Circular,A-110
1291-AA26,199910,2,0,OMB Circular A-133,administrative_order,ok,OMB Circular,A-133
1291-AA26,200004,1,0,OMB Circular A-110,administrative_order,ok,OMB Circular,A-110
1291-AA26,200004,2,0,OMB Circular A-133,administrative_order,ok,OMB Circular,A-133
1291-AA26,200010,1,0,OMB Circular A-110,administrative_order,ok,OMB Circular,A-110
1291-AA26,200010,2,0,OMB Circular A-133,administrative_order,ok,OMB Circular,A-133
1291-AA26,200104,1,0,OMB Circular A-110,administrative_order,ok,OMB Circular,A-110
1291-AA26,200104,2,0,OMB Circular A-133,administrative_order,ok,OMB Circular,A-133
1291-AA26,200110,1,0,OMB Circular A-110,administrative_order,ok,OMB Circular,A-110
1291-AA26,200110,2,0,OMB Circular A-133,administrative_order,ok,OMB Circular,A-133
1291-AA26,200204,1,0,OMB Circular A-110,administrative_order,ok,OMB Circular,A-110
1291-AA26,200204,2,0,OMB Circular A-133,administrative_order,ok,OMB Circular,A-133
1291-AA26,200210,1,0,OMB Circular A-110,administrative_order,ok,OMB Circular,A-110
1291-AA26,200210,2,0,OMB Circular A-133,administrative_order,ok,OMB Circular,A-133
1291-AA26,200304,1,0,OMB Circular A-110,administrative_order,ok,OMB Circular,A-110
1291-AA26,200304,2,0,OMB Circular A-133,administrative_order,ok,OMB Circular,A-133
1291-AA27,199804,1,0,OMB Circular A-183,administrative_order,ok,OMB Circular,A-183
1291-AA27,199810,1,0,OMB Circular A-183,administrative_order,ok,OMB Circular,A-183
1291-AA27,199904,1,0,OMB Circular A-183,administrative_order,ok,OMB Circular,A-183
1291-AA27,199910,1,0,OMB Circular A-183,administrative_order,ok,OMB Circular,A-183
1291-AA27,200004,1,0,OMB Circular A-183,administrative_order,ok,OMB Circular,A-183
1291-AA27,200010,1,0,OMB Circular A-183,administrative_order,ok,OMB Circular,A-183
1291-AA27,200104,1,0,OMB Circular A-133,administrative_order,ok,OMB Circular,A-133
1291-AA27,200110,1,0,OMB Circular A-133,administrative_order,ok,OMB Circular,A-133
1291-AA27,200204,1,0,OMB Circular A-133,administrative_order,ok,OMB Circular,A-133
1291-AA27,200210,1,0,OMB Circular A-133,administrative_order,ok,OMB Circular,A-133
1291-AA27,200304,1,0,OMB Circular A-133,administrative_order,ok,OMB Circular,A-133
1545-BF69,200610,1,0,OMB Circular A-25,administrative_order,ok,OMB Circular,A-25
1545-BF69,200704,1,0,OMB Circular A-25,administrative_order,ok,OMB Circular,A-25
1601-AA61,201004,1,0,"OMB Circular A-102, ""Grants and Cooperative Agreements with State and Local Governments""",administrative_order,partial,OMB Circular,A-102
1601-AA61,201010,1,0,"OMB Circular A-102, ""Grants and Cooperative Agreements with State and Local Governments""",administrative_order,partial,OMB Circular,A-102
1601-AA61,201104,1,0,"OMB Circular A-102, ""Grants and Cooperative Agreements with State and Local Governments""",administrative_order,partial,OMB Circular,A-102
1601-AA61,201110,1,0,"OMB Circular A-102, Grants and Cooperative Agreements With State and Local Governments",administrative_order,partial,OMB Circular,A-102
1601-AA64,201104,1,0,OMB Circular A-133,administrative_order,ok,OMB Circular,A-133
1601-AA64,201110,1,0,OMB Circular A-133,administrative_order,ok,OMB Circular,A-133
1601-AA64,201704,1,0,OMB Circular A-133,administrative_order,ok,OMB Circular,A-133
1880-AA63,199510,1,0,"20 USC 3474, (OMB Circular A-102)",usc,partial,,
1880-AA63,199510,1,1,"20 USC 3474, (OMB Circular A-102)",administrative_order,partial,OMB Circular,A-102
1890-AA05,200004,2,0,OMB Circular A-110,administrative_order,ok,OMB Circular,A-110
1890-AA11,200310,5,0,OMB Circulars A-110 and A-102,other,failed,,
1890-AA11,200404,5,0,OMB Circulars A-110 and A-102,other,failed,,
1902-AC19,200204,0,0,OMB Circular A-130,administrative_order,ok,OMB Circular,A-130
1902-AC19,200210,0,0,OMB Circular A-130,administrative_order,ok,OMB Circular,A-130
1902-AC19,200304,0,0,OMB Circular A-130,administrative_order,ok,OMB Circular,A-130
1902-AC19,200310,0,0,OMB Circular A-130,administrative_order,ok,OMB Circular,A-130
1902-AC19,200404,0,0,OMB Circular A-130,administrative_order,ok,OMB Circular,A-130
1902-AC19,200410,0,0,OMB Circular A-130,administrative_order,ok,OMB Circular,A-130
1902-AC19,200504,0,0,OMB Circular A-130,administrative_order,ok,OMB Circular,A-130
1902-AC19,200510,0,0,OMB Circular A-130,administrative_order,ok,OMB Circular,A-130
1902-AC19,200604,0,0,OMB Circular A-130,administrative_order,ok,OMB Circular,A-130
1902-AC19,200610,0,0,OMB Circular A-130,administrative_order,ok,OMB Circular,A-130
1902-AC19,200704,0,0,OMB Circular A-130,administrative_order,ok,OMB Circular,A-130
1902-AC19,200710,0,0,OMB Circular A-130,administrative_order,ok,OMB Circular,A-130
1902-AC19,200804,0,0,OMB Circular A-130,administrative_order,ok,OMB Circular,A-130
2030-AA32,199510,0,0,OMB Circular A-110,administrative_order,ok,OMB Circular,A-110
2030-AA32,199604,0,0,OMB Circular A-110,administrative_order,ok,OMB Circular,A-110
2030-AA34,199510,8,0,OMB Circular A102,administrative_order,ok,OMB Circular,A102
2030-AA34,199604,8,0,OMB Circular A102,administrative_order,ok,OMB Circular,A102
2125-AE74,200010,3,0,OMB Circular A-87,administrative_order,ok,OMB Circular,A-87
3067-AC98,199910,0,0,OMB Circ A-133,other,failed,,
3067-AC98,200004,0,0,OMB Circ A-133,other,failed,,
3067-AD07,200004,0,0,OMB Circ A-110,other,failed,,
3090-AH63,200304,4,0,"OMB Circular No A-126 (Revised May 22, 1992), 57 FR 22150",administrative_order,partial,OMB Circular,A-126
3090-AH63,200304,4,1,"OMB Circular No A-126 (Revised May 22, 1992), 57 FR 22150",federal_register,partial,,
3090-AH90,200404,13,0,"OMB Circular No. A-126 (Revised May 22, 1992)",administrative_order,partial,OMB Circular,A-126
3090-AH90,200410,13,0,"OMB Circular No. A-126 (Revised May 22, 1992)",administrative_order,partial,OMB Circular,A-126
3090-AI19,200604,3,0,OMB Circular No. A-126,administrative_order,ok,OMB Circular,A-126
3090-AI19,200610,3,0,OMB Circular No. A-126,administrative_order,ok,OMB Circular,A-126
3090-AI37,200910,9,0,OMB Circular A-126,administrative_order,ok,OMB Circular,A-126
3090-AI37,201004,9,0,OMB Circular A-126,administrative_order,ok,OMB Circular,A-126
3090-AI37,201010,9,0,OMB Circular A-126,administrative_order,ok,OMB Circular,A-126
3090-AI37,201104,9,0,"OMB Circular A-126, revised May 22, 1992",administrative_order,partial,OMB Circular,A-126
3090-AI39,200710,11,0,"OMB Cir No A-126, rev 04/28/2006",other,failed,,
3090-AI39,200710,14,0,"OMB Cir No A-123, app B, rev 04/00/2006",other,failed,,
3090-AI65,200810,3,0,OMB Circ A-126,other,failed,,
3090-AI84,200904,3,0,"OMB circular A-126, rev. April 28, 2006",other,failed,,
3090-AJ02,201010,8,0,"3 CFR, 1971 to 1975 comp, p 586, OMB Circular No. A126, revised May 22, 1992",administrative_order,partial,OMB Circular,A-126
3090-AJ02,201010,8,1,"3 CFR, 1971 to 1975 comp, p 586, OMB Circular No. A126, revised May 22, 1992",eo_compilation,partial,,
3090-AJ02,201010,10,0,"OMB Circular No. A-123, app B, rev Jan 15, 2009",administrative_order,partial,OMB Circular,A-123
3090-AJ06,201010,8,0,"3 CFR, 19711975 comp, p 586, OMB Circular No A126, revised May 22, 1992",administrative_order,partial,OMB Circular,A-126
3090-AJ06,201010,8,1,"3 CFR, 19711975 comp, p 586, OMB Circular No A126, revised May 22, 1992",eo_compilation,partial,,
3090-AJ06,201104,8,0,"3 CFR, 19711975 comp, p 586, OMB Circular No A126, revised May 22, 1992",administrative_order,partial,OMB Circular,A-126
3090-AJ06,201104,8,1,"3 CFR, 19711975 comp, p 586, OMB Circular No A126, revised May 22, 1992",eo_compilation,partial,,
3090-AJ06,201110,9,0,"3 CFR 1971 to1975 Comp, p 586, OMB Circular no A126, revised May 22, 1992",eo_compilation,partial,,
3090-AJ07,201010,3,0,"OMB Circular No. A-126, revised May 22, 1992",administrative_order,partial,OMB Circular,A-126
3090-AJ07,201010,6,0,"OMB Circular No A-123, app B, revised January 15, 2009",administrative_order,partial,OMB Circular,A-123
3090-AJ08,201010,3,0,"OMB Circular No A-126, revised May 22, 1992",administrative_order,partial,OMB Circular,A-126
3090-AJ08,201104,3,0,"OMB Circular No A-126, revised May 22, 1992",administrative_order,partial,OMB Circular,A-126
3090-AJ09,201104,9,0,"OMB Circular No A-126, revised May 22, 1992",administrative_order,partial,OMB Circular,A-126
3090-AJ11,201104,10,0,"OMB Circular No A-126, revised May 22, 1992",administrative_order,partial,OMB Circular,A-126
3090-AJ11,201104,11,0,"OMB Circular No A-123, app B, revised January 15, 2009",administrative_order,partial,OMB Circular,A-123
3090-AJ11,201110,10,0,"OMB Circular no A-126, revised May 22, 1992",other,failed,,
3090-AJ11,201110,11,0,"OMB Circular no A-123, app B, revised January 15, 2009",other,failed,,
3090-AJ11,201210,10,0,"OMB Circular no A-126, revised May 22, 1992",other,failed,,
3090-AJ11,201210,11,0,"OMB Circular no A-123, app B, revised January 15, 2009",other,failed,,
3090-AJ33,201410,4,0,OMB Cir No. A-126,other,failed,,
3090-AJ33,201504,4,0,OMB Cir No. A-126,other,failed,,
3090-AJ44,201404,8,0,"3 CFR 1971 to 1975 Comp, p 586, OMB Circular no A-126, revised May 22, 1992",eo_compilation,partial,,
3090-AJ44,201410,8,0,"3 CFR 1971 to 1975 Comp, p 586, OMB Circular no A-126, revised May 22, 1992",eo_compilation,partial,,
3090-AJ44,201504,8,0,"3 CFR 1971 to 1975 Comp, p 586, OMB Circular no A-126, revised May 22, 1992",eo_compilation,partial,,
3090-AJ48,201410,3,0,OMB Circular No. A-126,administrative_order,ok,OMB Circular,A-126
3090-AJ48,201504,10,0,"OMB Circular No. A-826, revised Mat 22, 1992",administrative_order,partial,OMB Circular,A-826
3090-AJ48,201510,10,0,"OMB Circular No. A-826, revised May 22, 1992",administrative_order,partial,OMB Circular,A-826
3090-AJ56,201610,4,0,"OMB Circular No. A-126, revised May 22, 1992, and OMB Circular No. A-123",administrative_order,partial,OMB Circular,A-126
3090-AJ56,201610,4,1,"OMB Circular No. A-126, revised May 22, 1992, and OMB Circular No. A-123",administrative_order,partial,OMB Circular,A-123
3090-AJ68,201604,4,0,"OMB Circular No. A–126, revised May 22, 1992",administrative_order,partial,OMB Circular,A-126
3090-AJ68,201604,5,0,OMB Circular No. A–123,administrative_order,ok,OMB Circular,A-123
3090-AJ68,201610,4,0,"OMB Circular No. A–126, revised May 22, 1992",administrative_order,partial,OMB Circular,A-126
3090-AJ68,201610,5,0,OMB Circular No. A–123,administrative_order,ok,OMB Circular,A-123
3090-AK40,202110,9,0,"OMB Circular No. A-123, app. B, revised January 15, 2009",administrative_order,partial,OMB Circular,A-123
3090-AK40,202204,9,0,"OMB Circular No. A-123, app. B, revised January 15, 2009",administrative_order,partial,OMB Circular,A-123
3090-AK40,202210,9,0,"OMB Circular No. A-123, app. B, revised January 15, 2009",administrative_order,partial,OMB Circular,A-123
3090-AK61,202204,6,0,"OMB Circular A-123, Appendix B, revised August 27, 2019",administrative_order,partial,OMB Circular,A-123
3090-AK61,202210,5,0,"OMB Circular A-123, app. B, revised August 27, 2019",administrative_order,partial,OMB Circular,A-123
3090-AK61,202304,5,0,"OMB Circular A-123, app. B, revised August 27, 2019",administrative_order,partial,OMB Circular,A-123
3090-AK66,202310,9,0,"OMB Circular No. A-123, Appendix B, revised August 27, 2019.",administrative_order,partial,OMB Circular,A-123
3090-AK66,202404,9,0,"OMB Circular No. A-123, Appendix B, revised August 27, 2019.",administrative_order,partial,OMB Circular,A-123
3090-AK66,202410,9,0,"OMB Circular No. A-123, Appendix B, revised August 27, 2019.",administrative_order,partial,OMB Circular,A-123
3316-AA23,201710,3,0,OMB Circular No. A-25,administrative_order,ok,OMB Circular,A-25
3316-AA23,201804,3,0,OMB Circular No. A-25,administrative_order,ok,OMB Circular,A-25
3316-AA23,201810,3,0,OMB Circular No. A-25,administrative_order,ok,OMB Circular,A-25
3316-AA23,201904,3,0,OMB Circular No. A-25,administrative_order,ok,OMB Circular,A-25
