eo_number,row_count,n_editions,min_edition,max_edition,editions,partial_rows,out_of_series_rows
1197,6,6,200204,200410,"200204,200210,200304,200310,200404,200410",6,0
1205,5,5,202204,202404,"202204,202210,202304,202310,202404",0,0
1220,7,6,199510,199804,"199510,199604,199610,199704,199710,199804",0,0
1223,4,4,201004,201110,"201004,201010,201104,201110",0,0
1293,18,17,200610,201504,"200610,200704,200710,200804,200810,200904,200910,201004,201010,201104,201110,201210,201304,201310,201404,201410,201504",0,0
1327,3,3,201904,202004,"201904,201910,202004",0,0
1338,1,1,201910,201910,201910,1,0
3019,1,1,199510,199510,199510,0,0
3891,1,1,202004,202004,202004,0,0
6910,13,13,199604,200204,"199604,199610,199704,199710,199804,199810,199904,199910,200004,200010,200104,200110,200204",0,0
6964,13,13,199604,200204,"199604,199610,199704,199710,199804,199810,199904,199910,200004,200010,200104,200110,200204",0,0
7419,4,4,199510,199704,"199510,199604,199610,199704",0,0
8248,7,6,199510,201510,"199510,199604,201404,201410,201504,201510",2,0
8284,3,3,201404,201504,"201404,201410,201504",0,0
9193,7,7,200604,200904,"200604,200610,200704,200710,200804,200810,200904",0,0
9830,27,25,199510,201704,"199510,199604,199610,199704,199710,199804,199810,199904,199910,200004,200010,200104,200904,200910,201004,201010,201104,201110,201210,201304,201310,201404,201604,201610,201704",0,0
9865,5,5,199510,199710,"199510,199604,199610,199704,199710",0,0
9989,7,7,200604,200904,"200604,200610,200704,200710,200804,200810,200904",0,0
10000,23,17,199510,200404,"199510,199610,199704,199710,199804,199810,199904,199910,200004,200010,200104,200110,200204,200210,200304,200310,200404",0,0
10096,21,21,199510,200510,"199510,199604,199610,199704,199710,199804,199810,199904,199910,200004,200010,200104,200110,200204,200210,200304,200310,200404,200410,200504,200510",0,0
10122,9,9,201904,202304,"201904,201910,202004,202010,202104,202110,202204,202210,202304",9,0
10173,6,6,200610,200904,"200610,200704,200710,200804,200810,200904",0,0
10253,8,7,199604,199904,"199604,199610,199704,199710,199804,199810,199904",0,0
10355,1,1,200904,200904,200904,0,0
10400,9,9,201904,202304,"201904,201910,202004,202010,202104,202110,202204,202210,202304",9,0
10450,78,48,199510,202010,"199510,199604,199610,199704,199710,199804,199810,199904,199910,200004,200010,200104,200110,200204,200210,200304,200310,200404,200410,200504,200510,200604,200610,200704,200710,200804,200810,200904,200910,201004,201010,201104,201110,201210,201304,201310,201404,201410,201504,201510,201610,201704,201710,201804,201904,201910,202004,202010",5,0
10485,24,14,199904,202510,"199904,199910,200004,200010,200104,202104,202110,202204,202210,202304,202310,202404,202504,202510",7,0
10488,19,19,199510,200410,"199510,199604,199610,199704,199710,199804,199810,199904,199910,200004,200010,200104,200110,200204,200210,200304,200310,200404,200410",0,0
10521,1,1,200510,200510,200510,0,0
10527,2,2,199704,199710,"199704,199710",0,0
10530,12,10,202010,202510,"202010,202104,202110,202204,202210,202304,202310,202404,202504,202510",3,0
10548,1,1,201610,201610,201610,1,0
10550,1,1,201610,201610,201610,1,0
10577,331,60,199510,202510,"199510,199604,199610,199704,199710,199804,199810,199904,199910,200004,200010,200104,200110,200204,200210,200304,200310,200404,200410,200504,200510,200604,200610,200704,200710,200804,200810,200904,200910,201004,201010,201104,201110,201210,201304,201310,201404,201410,201504,201510,201604,201610,201704,201710,201804,201810,201904,201910,202004,202010,202104,202110,202204,202210,202304,202310,202404,202410,202504,202510",111,0
10718,12,6,200910,201210,"200910,201004,201010,201104,201110,201210",0,0
10777,2,2,199510,199604,"199510,199604",0,0
10789,7,7,199610,200910,"199610,199704,200710,200804,200810,200904,200910",0,0
10854,104,60,199510,202510,"199510,199604,199610,199704,199710,199804,199810,199904,199910,200004,200010,200104,200110,200204,200210,200304,200310,200404,200410,200504,200510,200604,200610,200704,200710,200804,200810,200904,200910,201004,201010,201104,201110,201210,201304,201310,201404,201410,201504,201510,201604,201610,201704,201710,201804,201810,201904,201910,202004,202010,202104,202110,202204,202210,202304,202310,202404,202410,202504,202510",0,0
10865,55,33,199510,202510,"199510,199604,199610,199704,199710,199804,199810,199904,199910,201010,201104,201110,201210,201304,201310,201404,201410,201504,201510,201604,201610,201704,201710,201804,202110,202204,202210,202304,202310,202404,202410,202504,202510",0,0
10900,19,19,199510,200410,"199510,199604,199610,199704,199710,199804,199810,199904,199910,200004,200010,200104,200110,200204,200210,200304,200310,200404,200410",0,0
10909,7,7,201110,201704,"201110,201210,201304,201310,201404,201410,201704",0,0
10982,44,31,199510,202410,"199510,199910,200004,200010,200304,200310,200404,200410,200504,200510,200604,200610,200704,200710,200804,200810,200904,200910,201004,201010,201104,201110,201210,201410,202110,202204,202210,202304,202310,202404,202410",14,0
11041,1,1,200804,200804,200804,1,0
11048,17,15,200104,202510,"200104,200110,200204,200210,202010,202104,202110,202204,202210,202304,202310,202404,202410,202504,202510",4,0
11063,5,5,201904,202104,"201904,201910,202004,202010,202104",5,0
11103,8,8,199804,200110,"199804,199810,199904,199910,200004,200010,200104,200110",0,0
11141,8,8,201310,201704,"201310,201404,201410,201504,201510,201604,201610,201704",0,0
11157,2,2,200104,201810,"200104,201810",0,0
11161,6,6,202010,202304,"202010,202104,202110,202204,202210,202304",0,0
11177,3,3,199610,199710,"199610,199704,199710",0,0
11190,7,7,199804,200804,"199804,199810,199904,199910,200004,200710,200804",0,0
11219,3,3,200010,200110,"200010,200104,200110",0,0
11222,58,50,199510,202410,"199510,199604,199610,199704,199710,199804,199810,199904,199910,200004,200010,200104,200210,200304,200310,200404,200410,200504,200510,200604,200610,200704,200710,200804,200810,200904,200910,201004,201010,201104,201110,201210,201310,201404,201410,201504,201510,201604,201610,201704,201710,201804,201810,201904,201910,202004,202010,202310,202404,202410",24,0
11228,5,5,199604,200410,"199604,200304,200310,200404,200410",0,0
11246,174,57,199510,202410,"199510,199604,199610,199704,199710,199804,199810,199904,199910,200004,200010,200104,200110,200204,200210,200304,200310,200404,200410,200504,200510,200604,200610,200704,200710,200804,200810,200904,200910,201004,201010,201104,201110,201210,201304,201310,201404,201410,201504,201510,201604,201610,201704,201804,201810,201904,201910,202004,202010,202104,202110,202204,202210,202304,202310,202404,202410",38,0
11256,10,6,201404,201610,"201404,201410,201504,201510,201604,201610",10,0
11295,17,11,200404,201210,"200404,200410,200504,200510,200604,200910,201004,201010,201104,201110,201210",0,0
11302,13,13,201704,202304,"201704,201710,201804,201810,201904,201910,202004,202010,202104,202110,202204,202210,202304",1,0
11375,29,19,200404,201610,"200404,200410,200504,200510,200810,200904,200910,201010,201104,201110,201210,201304,201310,201404,201410,201504,201510,201604,201610",20,0
11382,13,13,201110,202304,"201110,201210,201304,201310,201404,201410,201704,202010,202104,202110,202204,202210,202304",0,0
11478,70,39,200210,202410,"200210,200304,200310,200404,200410,200504,200510,200604,200610,200704,200710,200804,200810,200904,200910,201004,201010,201104,201110,201210,201304,201310,201404,201410,201504,201510,201604,201610,201704,201710,201804,201810,201904,201910,202004,202010,202310,202404,202410",23,0
11491,3,3,199510,199610,"199510,199604,199610",0,0
11514,64,39,199510,202510,"199510,199604,199610,199704,199710,199804,199810,199904,199910,200010,200104,200110,200204,200210,200304,200310,200404,200410,200504,200510,201310,201504,201510,201604,201610,201704,201710,202004,202010,202104,202110,202204,202210,202304,202310,202404,202410,202504,202510",7,0
11524,3,3,199910,200010,"199910,200004,200010",3,0
11539,3,3,199510,199610,"199510,199604,199610",0,0
11541,43,28,199510,201704,"199510,199604,200210,200304,200310,200404,200410,200504,200510,200604,200610,200704,200710,200804,200810,200904,200910,201110,201210,201304,201310,201404,201410,201504,201510,201604,201610,201704",3,0
11589,2,2,202504,202510,"202504,202510",0,0
11593,8,8,201704,202104,"201704,201804,201810,201904,201910,202004,202010,202104",0,0
11603,1,1,200710,200710,200710,0,0
11605,1,1,201610,201610,201610,1,0
11609,156,55,199510,202510,"199510,199604,199610,199704,199710,199804,199810,199904,199910,200004,200010,200104,200110,200204,200304,200310,200404,200410,200504,200510,200604,200610,200704,200710,200804,200810,200904,200910,201010,201104,201110,201210,201304,201310,201404,201410,201504,201510,201604,201804,201810,201904,201910,202004,202010,202104,202110,202204,202210,202304,202310,202404,202410,202504,202510",95,0
11623,16,6,202304,202510,"202304,202310,202404,202410,202504,202510",2,0
11625,22,21,199804,200804,"199804,199810,199904,199910,200004,200010,200104,200110,200204,200210,200304,200310,200404,200410,200504,200510,200604,200610,200704,200710,200804",0,0
11644,8,8,200510,200904,"200510,200604,200610,200704,200710,200804,200810,200904",0,0
11733,9,9,201904,202304,"201904,201910,202004,202010,202104,202110,202204,202210,202304",9,0
11735,28,22,199710,201104,"199710,199804,199810,199904,199910,200004,200010,200104,200110,200204,200504,200510,200610,200704,200710,200804,200810,200904,200910,201004,201010,201104",4,0
11738,30,19,199510,202510,"199510,199604,199610,200110,200204,200210,200304,200310,200404,200410,200504,200510,200604,200610,200704,200710,200810,202504,202510",15,0
11758,98,43,199510,202010,"199510,199604,199610,199704,199710,199804,199810,199904,199910,200004,200010,200104,200110,200204,200210,200304,200310,200404,200410,200504,200510,200604,200610,200704,200710,200804,200810,200904,200910,201004,201010,201104,201110,201210,201304,201310,201404,201804,201810,201904,201910,202004,202010",24,0
11785,1,1,201610,201610,201610,1,0
11858,3,2,202404,202410,"202404,202410",0,0
11911,4,4,200110,200304,"200110,200204,200210,200304",0,0
11912,262,49,199510,202410,"199510,199604,199610,199704,199710,199804,199810,199904,199910,200004,200010,200104,200110,200204,200410,200504,200704,200710,200804,200904,200910,201004,201010,201104,201110,201210,201304,201404,201410,201504,201510,201604,201610,201704,201710,201804,201810,201904,201910,202004,202010,202104,202110,202204,202210,202304,202310,202404,202410",4,0
11935,10,10,200910,201410,"200910,201004,201010,201104,201110,201210,201304,201310,201404,201410",0,0
11961,7,7,201110,202210,"201110,201210,201510,202004,202010,202204,202210",2,0
11964,2,2,201810,201904,"201810,201904",0,0
11988,74,42,199510,202510,"199510,200010,200104,200110,200204,200210,200304,200310,200404,200410,200504,200704,200710,200804,200810,200904,200910,201004,201010,201104,201110,201210,201304,201310,201404,201410,201504,201510,201604,201610,201704,201710,201804,202110,202204,202210,202304,202310,202404,202410,202504,202510",7,0
11990,63,40,199510,202510,"199510,199604,199610,199704,199710,199804,199810,199904,199910,200004,200010,200104,200110,200204,200210,200304,200310,201010,201104,201110,201210,201304,201310,201404,201410,201504,201510,201604,201610,201704,201710,202110,202204,202210,202304,202310,202404,202410,202504,202510",21,0
11991,34,26,199510,202504,"199510,199604,199610,199704,199710,199804,199810,199904,199910,200004,200010,200704,200710,200804,200810,200904,200910,201004,201010,202204,202210,202304,202310,202404,202410,202504",10,0
11997,2,2,200510,200604,"200510,200604",0,0
12002,367,53,199510,202410,"199510,199604,199610,199704,199710,199804,199810,199904,200110,200204,200210,200304,200310,200404,200410,200504,200510,200604,200610,200704,200710,200804,200810,200904,200910,201004,201010,201104,201110,201210,201304,201404,201410,201504,201510,201604,201610,201704,201710,201804,201810,201904,201910,202004,202010,202104,202110,202204,202210,202304,202310,202404,202410",0,0
12009,32,20,199810,202510,"199810,199904,199910,200004,200010,200104,200204,200210,200304,201010,201504,201904,201910,202210,202304,202310,202404,202410,202504,202510",0,0
12024,15,15,199710,202510,"199710,199804,199810,199904,199910,200004,200010,200104,200110,202204,202210,202304,202310,202404,202510",6,0
12034,13,13,199510,200110,"199510,199604,199610,199704,199710,199804,199810,199904,199910,200004,200010,200104,200110",0,0
12038,32,24,199510,202510,"199510,199604,199610,199704,199710,199804,199810,199904,199910,200004,200010,200104,200204,200210,200304,202104,202110,202204,202210,202304,202310,202404,202504,202510",16,0
12046,13,9,199510,201504,"199510,199604,200904,200910,201010,201104,201110,201210,201504",0,0
12048,62,27,199510,200904,"199510,199604,199610,199704,199710,199804,199904,199910,200004,200010,200104,200110,200204,200210,200304,200310,200404,200410,200504,200510,200604,200610,200704,200710,200804,200810,200904",52,0
12058,1019,57,199510,202510,"199510,199604,199610,199704,199710,199804,199810,199904,200104,200110,200204,200210,200304,200310,200404,200410,200504,200510,200604,200610,200704,200710,200804,200810,200904,200910,201004,201010,201104,201110,201210,201304,201310,201404,201410,201504,201510,201604,201610,201704,201710,201804,201810,201904,201910,202004,202010,202104,202110,202204,202210,202304,202310,202404,202410,202504,202510",5,0
12067,45,18,199510,201610,"199510,199604,199610,199704,199710,199804,199810,199904,199910,201210,201304,201310,201404,201410,201504,201510,201604,201610",0,0
12072,38,26,199510,202404,"199510,199604,199610,199704,199710,199804,199810,199904,199910,200004,200010,200510,200604,201610,201704,201904,201910,202004,202010,202104,202110,202204,202210,202304,202310,202404",5,0
12086,40,21,200404,201704,"200404,200410,200504,200510,200810,200904,200910,201004,201010,201104,201110,201210,201304,201310,201404,201410,201504,201510,201604,201610,201704",36,0
12105,11,11,199510,202304,"199510,199610,199704,199710,199804,200304,200310,200404,202204,202210,202304",3,0
12106,42,38,200210,202410,"200210,200304,200310,200404,200410,200504,200510,200604,200610,200704,200710,200804,200810,200904,200910,201004,201010,201104,201110,201210,201310,201404,201410,201504,201510,201604,201610,201704,201710,201804,201810,201904,201910,202004,202010,202310,202404,202410",23,0
12107,23,13,199510,201610,"199510,199604,199610,199704,199710,199804,199810,199904,199910,200004,200010,200104,201610",3,0
12109,4,4,199904,200010,"199904,199910,200004,200010",0,0
12114,27,25,199804,202510,"199804,199810,199904,199910,200210,200304,200310,200404,200410,200504,200510,200604,200710,202004,202010,202104,202110,202204,202210,202304,202310,202404,202410,202504,202510",13,0
12127,21,17,199510,201510,"199510,199604,199610,199704,199710,199804,199904,199910,200710,200804,200810,200904,200910,201004,201010,201104,201510",0,0
12137,90,50,199510,202410,"199510,199604,199610,199704,199710,199804,199810,199904,199910,200004,200010,200104,200110,200204,200210,200304,200310,200404,200410,200504,200510,200604,200610,200704,200710,200804,200810,201110,201210,201304,201310,201404,201410,201504,201510,201604,201610,201704,201904,201910,202004,202010,202104,202110,202204,202210,202304,202310,202404,202410",55,0
12138,55,33,199510,201410,"199510,199604,199804,199810,199904,199910,200004,200010,200104,200110,200204,200210,200304,200310,200404,200410,200504,200510,200604,200610,200704,200710,200804,200904,201004,201010,201104,201110,201210,201304,201310,201404,201410",0,0
12144,3,3,201910,202010,"201910,202004,202010",3,0
12148,22,14,199810,202504,"199810,199904,199910,200710,200804,200810,200904,200910,201004,201010,201104,201510,202410,202504",0,0
12163,199,25,200710,202510,"200710,201210,201410,201504,201510,201604,201610,201704,201710,201804,201810,201904,201910,202004,202010,202104,202110,202204,202210,202304,202310,202404,202410,202504,202510",167,0
12173,2,2,199904,199910,"199904,199910",0,0
12188,7,7,199510,200104,"199510,199604,199610,199910,200004,200010,200104",4,0
12191,3,3,200304,200604,"200304,200510,200604",1,0
12196,26,26,200804,202510,"200804,200810,200904,200910,201004,201010,201604,201610,201704,201710,201804,201810,201904,201910,202004,202010,202104,202110,202204,202210,202304,202310,202404,202410,202504,202510",18,0
12214,367,53,199510,202410,"199510,199604,199610,199704,199710,199804,199810,199904,200110,200204,200210,200304,200310,200404,200410,200504,200510,200604,200610,200704,200710,200804,200810,200904,200910,201004,201010,201104,201110,201210,201304,201404,201410,201504,201510,201604,201610,201704,201710,201804,201810,201904,201910,202004,202010,202104,202110,202204,202210,202304,202310,202404,202410",0,0
12215,23,9,199510,199910,"199510,199604,199610,199704,199710,199804,199810,199904,199910",4,0
12220,2,2,199510,199604,"199510,199604",0,0
12234,54,30,199710,201710,"199710,199804,199810,199904,199910,200004,200010,200104,200110,200204,200610,200704,200710,200804,200810,200904,200910,201004,201010,201104,201110,201210,201304,201310,201404,201410,201504,201510,201704,201710",8,0
12241,15,15,199510,200210,"199510,199604,199610,199704,199710,199804,199810,199904,199910,200004,200010,200104,200110,200204,200210",0,0
12250,260,60,199510,202510,"199510,199604,199610,199704,199710,199804,199810,199904,199910,200004,200010,200104,200110,200204,200210,200304,200310,200404,200410,200504,200510,200604,200610,200704,200710,200804,200810,200904,200910,201004,201010,201104,201110,201210,201304,201310,201404,201410,201504,201510,201604,201610,201704,201710,201804,201810,201904,201910,202004,202010,202104,202110,202204,202210,202304,202310,202404,202410,202504,202510",47,0
12291,18,15,199510,200410,"199510,199604,199804,199810,199904,199910,200004,200010,200104,200110,200204,200210,200304,200310,200410",0,0
12318,4,4,201110,202010,"201110,201510,202004,202010",2,0
12333,33,26,199610,202510,"199610,199704,199710,201304,201310,201404,201410,201504,201510,201704,201710,201804,201904,201910,202004,202010,202104,202110,202204,202210,202304,202310,202404,202410,202504,202510",7,0
12334,2,2,199704,199710,"199704,199710",0,0
12353,21,20,199510,202510,"199510,199604,199904,199910,200504,200510,200604,200610,200704,200804,201210,201304,201310,201404,201410,202310,202404,202410,202504,202510",1,0
12356,112,40,199510,201810,"199510,199604,199610,199704,199710,199804,199810,199904,199910,200004,200010,200104,200110,200204,200210,200304,200310,200404,200410,200504,200510,200604,200610,200704,200710,200804,200810,200904,200910,201004,201010,201104,201110,201210,201304,201310,201404,201410,201504,201810",15,0
12364,6,5,199510,199710,"199510,199604,199610,199704,199710",0,0
12372,19,18,199604,202510,"199604,199904,199910,201010,201104,201110,201210,201304,201310,201404,201410,201504,201604,201610,201704,201710,202504,202510",1,0
12375,8,8,200904,202504,"200904,201104,201110,201210,202310,202404,202410,202504",0,0
12404,11,11,199510,202510,"199510,199604,199904,199910,200704,200804,202310,202404,202410,202504,202510",1,0
12411,26,22,199510,202104,"199510,199604,199610,199704,199710,199804,199810,199904,199910,200004,200010,200510,200604,201610,201704,201804,201810,201904,201910,202004,202010,202104",0,0
12416,2,2,199604,202510,"199604,202510",1,0
12432,22,21,199804,200804,"199804,199810,199904,199910,200004,200010,200104,200110,200204,200210,200304,200310,200404,200410,200504,200510,200604,200610,200704,200710,200804",0,0
12445,1,1,200910,200910,200910,1,0
12459,1,1,199510,199510,199510,0,0
12466,10,8,199510,199904,"199510,199604,199610,199704,199710,199804,199810,199904",10,0
12472,2,2,199510,199604,"199510,199604",0,0
12473,18,18,199804,201804,"199804,199810,199904,200304,200310,200404,200410,200504,200510,200604,200710,200804,200810,200904,201610,201704,201710,201804",0,0
12504,1,1,200504,200504,200504,0,0
12512,25,20,199510,202410,"199510,199604,199610,199704,199710,199804,199810,199904,199910,200004,200010,200510,200604,202110,202204,202210,202304,202310,202404,202410",0,0
12518,4,4,201110,202010,"201110,201510,202004,202010",2,0
12522,8,8,199510,199904,"199510,199604,199610,199704,199710,199804,199810,199904",8,0
12544,4,4,200610,200804,"200610,200704,200710,200804",4,0
12549,215,42,199510,202510,"199510,199604,199610,199704,199710,199804,199810,199904,199910,200004,200010,200104,200110,200204,200210,200304,200310,200404,200410,200504,200510,200604,200610,200704,200710,200804,200810,201110,201210,201304,201310,201404,201410,201504,201510,201604,201610,201704,201910,202410,202504,202510",55,0
12564,24,20,199510,202510,"199510,199604,199610,199704,201704,201810,201904,201910,202004,202010,202104,202110,202204,202210,202304,202310,202404,202410,202504,202510",3,0
12580,28,28,199610,202110,"199610,199704,199710,199804,199810,199904,199910,200004,200010,200104,200110,200204,200210,200304,200310,201310,201404,201410,201504,201710,201804,201810,201904,201910,202004,202010,202104,202110",0,0
12591,1,1,199610,199610,199610,0,0
12597,3,3,199510,199610,"199510,199604,199610",0,0
12600,163,56,199510,202510,"199510,199604,199610,199704,199710,199804,199810,199904,199910,200004,200010,200104,200110,200204,200210,200304,200310,200404,200410,200504,200510,200604,200610,200704,200710,200804,200810,200904,200910,201004,201010,201104,201110,201210,201304,201310,201404,201410,201504,201510,201604,201610,201704,201710,202004,202010,202104,202110,202204,202210,202304,202310,202404,202410,202504,202510",51,0
12608,2,2,202410,202504,"202410,202504",0,0
12615,2,2,199510,199604,"199510,199604",2,0
12637,5,5,199510,199710,"199510,199604,199610,199704,199710",0,0
12642,8,7,201904,202204,"201904,201910,202004,202010,202104,202110,202204",0,0
12656,81,38,199510,202304,"199510,199604,199610,199704,199710,199804,199810,200304,200310,200504,200604,200610,200704,200710,200804,200810,200904,200910,201004,201010,201104,201110,201210,201304,201310,201404,201410,201504,201510,201604,201610,201704,202010,202104,202110,202204,202210,202304",0,0
12671,3,3,199510,199610,"199510,199604,199610",0,0
12673,17,16,199510,200304,"199510,199604,199610,199704,199710,199804,199810,199904,199910,200004,200010,200104,200110,200204,200210,200304",0,0
12674,689,59,199510,202504,"199510,199604,199610,199704,199710,199804,199810,199904,199910,200004,200010,200104,200110,200204,200210,200304,200310,200404,200410,200504,200510,200604,200610,200704,200710,200804,200810,200904,200910,201004,201010,201104,201110,201210,201304,201310,201404,201410,201504,201510,201604,201610,201704,201710,201804,201810,201904,201910,202004,202010,202104,202110,202204,202210,202304,202310,202404,202410,202504",65,0
12684,7,7,200104,200404,"200104,200110,200204,200210,200304,200310,200404",7,0
12689,158,41,199510,202510,"199510,199604,199610,199704,199710,199804,199810,199904,199910,200004,200010,200104,200110,200204,200210,200304,200310,200404,200410,200504,200510,200610,200704,200710,200804,200810,201110,201210,201304,201310,201404,201410,201504,201510,201604,201610,201704,201910,202410,202504,202510",37,0
12698,23,7,200104,200404,"200104,200110,200204,200210,200304,200310,200404",17,0
12699,10,10,199510,200610,"199510,199604,199610,199704,199904,199910,200504,200510,200604,200610",0,0
12715,3,3,201304,201604,"201304,201510,201604",0,0
12721,13,13,199510,200110,"199510,199604,199610,199704,199710,199804,199810,199904,199910,200004,200010,200104,200110",0,0
12731,569,59,199510,202504,"199510,199604,199610,199704,199710,199804,199810,199904,199910,200004,200010,200104,200110,200204,200210,200304,200310,200404,200410,200504,200510,200604,200610,200704,200710,200804,200810,200904,200910,201004,201010,201104,201110,201210,201304,201310,201404,201410,201504,201510,201604,201610,201704,201710,201804,201810,201904,201910,202004,202010,202104,202110,202204,202210,202304,202310,202404,202410,202504",59,0
12735,3,1,199510,199510,199510,0,0
12742,40,33,199510,202510,"199510,199604,199610,199704,199710,199804,199810,200504,200604,200610,200704,200710,200804,200810,200904,200910,201004,201010,201104,201110,201210,201304,201310,201404,201410,201510,201604,201610,202310,202404,202410,202504,202510",5,0
12744,1,1,199510,199510,199510,0,0
12748,2,2,200304,200310,"200304,200310",2,0
12777,90,43,199510,202110,"199510,199604,199610,199704,199710,199804,199810,199904,199910,200004,200010,200104,200110,200204,200210,200610,200704,200710,200804,200810,200904,200910,201010,201104,201110,201304,201310,201404,201410,201504,201510,201604,201610,201704,201710,201804,201810,201904,201910,202004,202010,202104,202110",35,0
12778,22,22,199604,202510,"199604,199610,199910,201304,201310,201404,201410,201504,201510,201910,202004,202010,202104,202110,202204,202210,202304,202310,202404,202410,202504,202510",13,0
12828,8,6,199510,200810,"199510,199604,199610,199704,199710,200810",0,0
12829,126,47,199510,202510,"199510,199604,199610,199704,199710,199804,199810,199904,199910,200310,200404,200410,200504,200510,200604,200610,201004,201010,201104,201110,201210,201304,201310,201404,201410,201504,201510,201604,201610,201704,201710,201804,201810,201904,201910,202004,202010,202104,202110,202204,202210,202304,202310,202404,202410,202504,202510",12,0
12831,14,14,199510,200204,"199510,199604,199610,199704,199710,199804,199810,199904,199910,200004,200010,200104,200110,200204",14,0
12843,3,3,199510,199610,"199510,199604,199610",0,0
12849,3,3,199510,199610,"199510,199604,199610",0,0
12851,692,47,200104,202510,"200104,200210,200304,200310,200404,200410,200504,200510,200604,200610,200704,200710,200804,200810,200904,200910,201004,201010,201104,201110,201210,201304,201310,201404,201410,201504,201510,201604,201610,201704,201710,201804,201810,201904,201910,202004,202010,202104,202110,202204,202210,202304,202310,202404,202410,202504,202510",6,0
12854,161,50,199910,202510,"199910,200004,200010,200104,200204,200210,200304,200310,200404,200410,200504,200604,200610,200704,200710,200804,200810,200904,200910,201004,201010,201104,201110,201210,201304,201310,201404,201410,201504,201510,201604,201610,201704,201710,201804,201810,201904,201910,202004,202010,202104,202110,202204,202210,202304,202310,202404,202410,202504,202510",4,0
12856,3,3,199704,199804,"199704,199710,199804",0,0
12858,4,4,200310,200504,"200310,200404,200410,200504",0,0
12859,1,1,200104,200104,200104,0,0
12866,118,32,199510,202510,"199510,199604,199610,199704,199710,199804,199810,199904,199910,200004,200010,200104,200110,200204,200210,200304,200310,200404,200410,200704,200710,200804,202104,202110,202204,202210,202304,202310,202404,202410,202504,202510",5,0
12869,2,2,199604,199610,"199604,199610",0,0
12873,14,7,199510,199810,"199510,199604,199610,199704,199710,199804,199810",0,0
12881,2,2,199610,199704,"199610,199704",0,0
12883,3,3,199704,199804,"199704,199710,199804",0,0
12885,19,19,200310,202410,"200310,200404,200410,200504,200510,200604,200610,201610,201910,202004,202010,202104,202110,202204,202210,202304,202310,202404,202410",8,0
12892,13,13,201304,202104,"201304,201310,201404,201410,201504,201510,201604,201610,201904,201910,202004,202010,202104",5,0
12897,7,7,199610,202304,"199610,199704,199710,199804,202204,202210,202304",3,0
12898,47,35,199910,201704,"199910,200004,200010,200104,200110,200204,200210,200304,200310,200404,200410,200504,200510,200604,200610,200704,200710,200804,200810,200904,200910,201004,201010,201104,201110,201210,201304,201310,201404,201410,201504,201510,201604,201610,201704",0,0
12918,154,45,199910,202510,"199910,200004,200010,200104,200404,200410,200504,200610,200704,200710,200804,200810,200904,200910,201004,201010,201104,201110,201210,201304,201310,201404,201410,201504,201510,201604,201610,201704,201710,201804,201810,201904,201910,202004,202010,202104,202110,202204,202210,202304,202310,202404,202410,202504,202510",4,0
12919,43,30,199510,201604,"199510,199604,199610,199704,199710,199804,199810,199904,199910,200004,200010,200504,200604,200610,200704,200710,200804,200810,200904,200910,201004,201010,201104,201110,201210,201304,201310,201404,201410,201604",0,0
12924,443,23,199510,200610,"199510,199604,199610,199704,199710,199804,199810,199904,199910,200004,200010,200104,200110,200204,200210,200304,200310,200404,200410,200504,200510,200604,200610",45,0
12928,2,2,199610,199704,"199610,199704",0,0
12930,2,2,199604,199610,"199604,199610",0,0
12931,3,3,200210,200310,"200210,200304,200310",3,0
12933,9,8,199510,199904,"199510,199604,199610,199704,199710,199804,199810,199904",0,0
12938,1153,51,200004,202510,"200004,200010,200104,200110,200204,200210,200304,200310,200404,200410,200504,200510,200604,200610,200704,200710,200804,200810,200904,200910,201004,201010,201104,201110,201210,201304,201310,201404,201410,201504,201510,201604,201610,201704,201710,201804,201810,201904,201910,202004,202010,202104,202110,202204,202210,202304,202310,202404,202410,202504,202510",20,0
12947,390,46,200210,202510,"200210,200304,200310,200404,200410,200504,200510,200604,200610,200704,200710,200804,200810,200904,200910,201004,201010,201104,201110,201210,201304,201310,201404,201410,201504,201510,201604,201610,201704,201710,201804,201810,201904,201910,202004,202010,202104,202110,202204,202210,202304,202310,202404,202410,202504,202510",2,0
12949,2,2,201510,201604,"201510,201604",0,0
12953,7,7,200904,201410,"200904,200910,201004,201010,201104,201110,201410",0,0
12954,2,2,199510,199610,"199510,199610",0,0
12958,98,37,199510,202104,"199510,199604,199610,199704,199710,199804,199810,199904,199910,200004,200010,200304,200310,200404,200410,200504,200510,200604,200610,200704,200710,200804,200810,200904,200910,201004,201010,201104,201110,201210,201304,201810,201904,201910,202004,202010,202104",10,0
12959,2,2,199604,199610,"199604,199610",0,0
12968,153,56,199604,202510,"199604,199610,199704,199710,199804,199810,199904,199910,200004,200010,200104,200110,200204,200210,200304,200310,200404,200410,200504,200510,200604,200704,200710,200804,200810,200904,200910,201004,201010,201104,201110,201210,201304,201310,201404,201410,201504,201510,201604,201610,201704,201710,201804,201910,202004,202010,202104,202110,202204,202210,202304,202310,202404,202410,202504,202510",13,0
12977,5,5,201904,202104,"201904,201910,202004,202010,202104",0,0
12979,4,4,199610,199910,"199610,199704,199904,199910",0,0
12981,66,35,200410,202410,"200410,200504,200704,200710,200804,200904,200910,201004,201010,201104,201110,201210,201304,201404,201410,201504,201510,201604,201610,201704,201710,201804,201810,201904,201910,202004,202010,202104,202110,202204,202210,202304,202310,202404,202410",0,0
12983,4,4,200704,200810,"200704,200710,200804,200810",0,0
12988,10,10,201010,201804,"201010,201104,201110,201210,201304,201310,201404,201704,201710,201804",0,0
12989,4,4,199704,200810,"199704,200710,200804,200810",0,0
12999,5,5,199904,200104,"199904,199910,200004,200010,200104",0,0
13005,15,9,199610,200010,"199610,199704,199710,199804,199810,199904,199910,200004,200010",4,0
13006,32,26,199610,202404,"199610,199704,199710,199804,199810,199904,199910,200004,200010,200404,200410,200510,200604,201610,201704,201904,201910,202004,202010,202104,202110,202204,202210,202304,202310,202404",0,0
13007,14,14,200704,201510,"200704,200710,200804,200810,200904,201104,201110,201210,201304,201310,201404,201410,201504,201510",0,0
13019,44,26,199710,201810,"199710,199804,199810,199904,200110,200710,200810,200904,200910,201004,201010,201104,201110,201210,201304,201310,201404,201410,201504,201510,201604,201610,201704,201710,201804,201810",23,0
13020,240,47,200204,202510,"200204,200210,200304,200310,200404,200410,200504,200510,200604,200610,200704,200710,200804,200810,200904,200910,201004,201010,201104,201110,201210,201304,201310,201404,201410,201504,201510,201604,201610,201704,201710,201804,201810,201904,201910,202004,202010,202104,202110,202204,202210,202304,202310,202404,202410,202504,202510",0,0
13022,2,2,200010,200104,"200010,200104",0,0
13024,5,5,199704,199904,"199704,199710,199804,199810,199904",0,0
13026,1877,52,199910,202510,"199910,200004,200010,200104,200110,200204,200210,200304,200310,200404,200410,200504,200510,200604,200610,200704,200710,200804,200810,200904,200910,201004,201010,201104,201110,201210,201304,201310,201404,201410,201504,201510,201604,201610,201704,201710,201804,201810,201904,201910,202004,202010,202104,202110,202204,202210,202304,202310,202404,202410,202504,202510",45,0
13043,7,6,199710,200004,"199710,199804,199810,199904,199910,200004",0,0
13045,3,3,200704,200804,"200704,200710,200804",0,0
13058,11,11,199810,201110,"199810,199904,199910,200004,200010,200104,200110,200204,200404,201104,201110",0,0
13078,5,5,201310,201510,"201310,201404,201410,201504,201510",0,0
13084,6,6,199910,200204,"199910,200004,200010,200104,200110,200204",0,0
13088,4,4,199910,200104,"199910,200004,200010,200104",4,0
13094,23,18,200410,202504,"200410,200504,200510,200604,200610,200704,200710,200804,200810,200904,202110,202204,202210,202304,202310,202404,202410,202504",12,0
13099,452,47,200204,202510,"200204,200210,200304,200310,200404,200410,200504,200510,200604,200610,200704,200710,200804,200810,200904,200910,201004,201010,201104,201110,201210,201304,201310,201404,201410,201504,201510,201604,201610,201704,201710,201804,201810,201904,201910,202004,202010,202104,202110,202204,202210,202304,202310,202404,202410,202504,202510",2,0
13101,2,2,199904,199910,"199904,199910",0,0
13112,17,13,200104,201110,"200104,200110,200204,200210,200304,200310,200404,200604,200610,200704,200710,200804,201110",0,0
13121,4,4,199910,200104,"199910,200004,200010,200104",4,0
13124,3,3,199910,200010,"199910,200004,200010",0,0
13128,29,22,199910,202504,"199910,200004,200010,200104,200404,200410,200504,200510,200604,200610,200704,200710,200804,200810,200904,201404,202210,202304,202310,202404,202410,202504",1,0
13129,1,1,200204,200204,200204,0,0
13132,13,12,200010,200804,"200010,200104,200110,200204,200210,200304,200310,200404,200410,200704,200710,200804",0,0
13134,9,9,200004,201110,"200004,200010,200104,200904,200910,201004,201010,201104,201110",0,0
13142,18,12,200304,201410,"200304,200310,200404,200410,200504,200510,200604,201210,201304,201310,201404,201410",5,0
13145,8,8,201310,201704,"201310,201404,201410,201504,201510,201604,201610,201704",0,0
13148,4,4,200104,200210,"200104,200110,200204,200210",0,0
13160,2,2,201504,201510,"201504,201510",0,0
13162,12,12,200010,200910,"200010,200104,200110,200204,200210,200304,200310,200404,200410,200504,200510,200910",0,0
13163,5,5,201310,201510,"201310,201404,201410,201504,201510",0,0
13164,5,5,201310,201510,"201310,201404,201410,201504,201510",0,0
13166,9,9,201110,201610,"201110,201304,201310,201404,201410,201504,201510,201604,201610",0,0
13175,8,8,200704,201610,"200704,200710,200804,201410,201504,201510,201604,201610",0,0
13179,35,30,200104,202410,"200104,200110,200204,200210,200304,200310,200404,200504,200510,200604,200610,200704,201010,201104,201110,201210,201410,201504,201510,201604,201610,201704,201710,201804,201810,201904,201910,202004,202404,202410",0,0
13185,1,1,200510,200510,200510,0,0
13187,5,5,201310,201510,"201310,201404,201410,201504,201510",0,0
13191,21,21,200210,201304,"200210,200304,200310,200404,200410,200504,200510,200604,200610,200704,200710,200804,200810,200904,200910,201004,201010,201104,201110,201210,201304",0,0
13198,5,5,200404,202404,"200404,200410,202304,202310,202404",3,0
13201,7,7,200104,200404,"200104,200110,200204,200210,200304,200310,200404",0,0
13206,8,8,200310,200910,"200310,200404,200704,200710,200804,200810,200904,200910",2,0
13211,3,3,200704,200804,"200704,200710,200804",0,0
13212,11,11,200610,201110,"200610,200704,200710,200804,200810,200904,200910,201004,201010,201104,201110",0,0
13222,1998,48,200110,202510,"200110,200204,200210,200304,200310,200404,200410,200504,200510,200604,200610,200704,200710,200804,200810,200904,200910,201004,201010,201104,201110,201210,201304,201310,201404,201410,201504,201510,201604,201610,201704,201710,201804,201810,201904,201910,202004,202010,202104,202110,202204,202210,202304,202310,202404,202410,202504,202510",6,0
13224,445,46,200210,202510,"200210,200304,200310,200404,200410,200504,200510,200604,200610,200704,200710,200804,200810,200904,200910,201004,201010,201104,201110,201210,201304,201310,201404,201410,201504,201510,201604,201610,201704,201710,201804,201810,201904,201910,202004,202010,202104,202110,202204,202210,202304,202310,202404,202410,202504,202510",3,0
13233,2,2,200204,200210,"200204,200210",0,0
13277,1,1,201604,201604,201604,1,0
13279,113,37,200304,202410,"200304,200310,200404,200410,200504,200510,200604,200610,200704,200710,200804,200810,200904,200910,201004,201010,201104,201110,201210,201304,201310,201404,201410,201504,201510,201604,201910,202004,202010,202104,202110,202204,202210,202304,202310,202404,202410",28,0
13280,13,12,200404,202404,"200404,200410,201910,202004,202010,202104,202110,202204,202210,202304,202310,202404",11,0
13286,47,29,200604,202510,"200604,200610,200704,200710,200804,200810,200904,200910,201004,201010,201104,201110,201510,201604,201710,201804,201810,201904,201910,202004,202010,202104,202110,202304,202310,202404,202410,202504,202510",11,0
13287,17,17,201104,202104,"201104,201110,201210,201304,201310,201404,201410,201504,201510,201704,201804,201810,201904,201910,202004,202010,202104",0,0
13292,7,6,200310,200604,"200310,200404,200410,200504,200510,200604",6,0
13312,5,5,200310,201310,"200310,200810,201210,201304,201310",3,0
13318,4,4,200804,200910,"200804,200810,200904,200910",0,0
13323,38,33,200404,202010,"200404,200410,200504,200510,200604,200610,200704,200710,200804,200810,200904,200910,201004,201010,201104,201110,201210,201304,201310,201404,201410,201504,201510,201604,201610,201704,201710,201804,201810,201904,201910,202004,202010",38,0
13327,4,4,201610,202104,"201610,201704,202010,202104",0,0
13333,4,4,200410,200604,"200410,200504,200510,200604",4,0
13338,187,43,200404,202510,"200404,200410,200504,200510,200604,200610,200704,200710,200804,200810,200904,200910,201004,201010,201104,201110,201210,201304,201310,201404,201410,201504,201510,201604,201610,201704,201710,201804,201810,201904,201910,202004,202010,202104,202110,202204,202210,202304,202310,202404,202410,202504,202510",1,0
13347,5,5,201310,201510,"201310,201404,201410,201504,201510",0,0
13360,14,14,200810,201510,"200810,200904,200910,201004,201010,201104,201110,201210,201304,201310,201404,201410,201504,201510",0,0
13388,6,6,201810,202110,"201810,201904,201910,202010,202104,202110",3,0
13392,21,19,200810,202204,"200810,200904,201004,201010,201104,201110,201210,201404,201410,201504,201610,201704,201904,201910,202004,202010,202104,202110,202204",6,0
13403,30,29,200610,202404,"200610,200704,200710,200804,200810,200904,200910,201004,201010,201104,201110,201210,201304,201310,201404,201410,201504,201510,201604,201910,202004,202010,202104,202110,202204,202210,202304,202310,202404",11,0
13407,14,14,200804,201504,"200804,200810,200904,200910,201004,201010,201104,201110,201210,201304,201310,201404,201410,201504",0,0
13415,1,1,202510,202510,202510,0,0
13423,14,14,200910,201610,"200910,201004,201010,201104,201110,201210,201304,201310,201404,201410,201504,201510,201604,201610",0,0
13449,2,2,200804,200810,"200804,200810",0,0
13458,12,12,202004,202510,"202004,202010,202104,202110,202204,202210,202304,202310,202404,202410,202504,202510",0,0
13467,123,34,200810,202510,"200810,200904,200910,201004,201010,201104,201110,201210,201304,201310,201404,201410,201504,201510,201604,201610,201704,201710,201804,201810,201904,201910,202004,202010,202104,202110,202204,202210,202304,202310,202404,202410,202504,202510",45,0
13473,8,8,201110,201704,"201110,201210,201404,201410,201510,201604,201610,201704",7,0
13488,51,29,200904,202510,"200904,200910,201004,201010,201104,201110,201210,201304,201310,201404,201410,201504,201510,201704,201710,201804,201910,202004,202010,202104,202110,202204,202210,202304,202310,202404,202410,202504,202510",20,0
13490,13,12,200904,201504,"200904,200910,201004,201010,201104,201110,201210,201304,201310,201404,201410,201504",0,0
13495,8,6,200904,201110,"200904,200910,201004,201010,201104,201110",8,0
13496,6,4,200904,201010,"200904,200910,201004,201010",0,0
13498,11,10,201910,202404,"201910,202004,202010,202104,202110,202204,202210,202304,202310,202404",11,0
13520,17,17,201404,202304,"201404,201410,201504,201510,201704,201710,201804,201810,201904,201910,202004,202010,202104,202110,202204,202210,202304",1,0
13526,76,27,201004,202510,"201004,201010,201104,201110,201210,201304,201310,201404,201410,201504,201510,201604,201610,201704,201710,201804,202010,202104,202110,202204,202210,202304,202310,202404,202410,202504,202510",6,0
13548,5,5,201310,201510,"201310,201404,201410,201504,201510",0,0
13549,7,7,201404,201704,"201404,201410,201504,201510,201604,201610,201704",0,0
13556,15,13,201310,202410,"201310,201404,201410,201504,201510,201604,201610,202010,202104,202110,202310,202404,202410",3,0
13559,135,20,201404,202410,"201404,201410,201504,201510,201604,201610,201804,201810,201904,201910,202004,202010,202104,202110,202204,202210,202304,202310,202404,202410",25,0
13562,10,10,201104,202404,"201104,201110,201210,202104,202110,202204,202210,202304,202310,202404",0,0
13563,28,17,201504,202510,"201504,201510,201604,201610,201704,201710,201804,201810,202104,202204,202210,202304,202310,202404,202410,202504,202510",0,0
13583,1,1,201210,201210,201210,0,0
13587,9,9,202110,202510,"202110,202204,202210,202304,202310,202404,202410,202504,202510",0,0
13603,41,27,201210,202510,"201210,201304,201310,201404,201410,201504,201510,201604,201610,201704,201710,201804,201810,201904,201910,202004,202010,202104,202110,202204,202210,202304,202310,202404,202410,202504,202510",27,0
13607,2,2,201310,201404,"201310,201404",0,0
13618,3,3,202304,202404,"202304,202310,202404",0,0
13625,3,2,201410,201504,"201410,201504",0,0
13626,2,2,201410,201504,"201410,201504",0,0
13637,165,24,201404,202510,"201404,201410,201504,201510,201604,201610,201704,201710,201804,201810,201904,201910,202004,202010,202104,202110,202204,202210,202304,202310,202404,202410,202504,202510",0,0
13638,14,14,201404,202110,"201404,201410,201504,201510,201604,201710,201804,201810,201904,201910,202004,202010,202104,202110",14,0
13651,1,1,201610,201610,201610,0,0
13658,3,3,201404,201504,"201404,201410,201504",0,0
13659,6,5,201504,201704,"201504,201510,201604,201610,201704",0,0
13672,2,2,201410,201504,"201410,201504",2,0
13677,4,4,202404,202510,"202404,202410,202504,202510",4,0
13690,28,13,201510,202504,"201510,201604,201610,201704,201710,202110,202204,202210,202304,202310,202404,202410,202504",5,0
13691,20,13,201910,202510,"201910,202004,202010,202104,202110,202204,202210,202304,202310,202404,202410,202504,202510",0,0
13693,7,7,201610,202204,"201610,201704,201804,201810,202010,202104,202204",0,0
13706,1,1,201610,201610,201610,0,0
13708,11,11,201910,202410,"201910,202004,202010,202104,202110,202204,202210,202304,202310,202404,202410",0,0
13720,1,1,201604,201604,201604,1,0
13743,5,5,202310,202510,"202310,202404,202410,202504,202510",0,0
13764,7,7,202204,202504,"202204,202210,202304,202310,202404,202410,202504",0,0
13767,4,4,201710,201904,"201710,201804,201810,201904",0,0
13771,2,1,202104,202104,202104,0,0
13777,9,5,201710,202104,"201710,201804,201810,201904,202104",0,0
13783,5,5,201810,202010,"201810,201904,201910,202004,202010",0,0
13788,7,7,201810,202110,"201810,201904,201910,202004,202010,202104,202110",7,0
13807,3,3,202004,202104,"202004,202010,202104",0,0
13813,4,4,201804,201910,"201804,201810,201904,201910",0,0
13821,14,14,201810,202504,"201810,201904,201910,202004,202010,202104,202110,202204,202210,202304,202310,202404,202410,202504",0,0
13831,18,6,201904,202410,"201904,201910,202004,202010,202104,202410",8,0
13832,7,7,202004,202404,"202004,202010,202104,202110,202304,202310,202404",0,0
13834,5,5,201904,202104,"201904,201910,202004,202010,202104",0,0
13838,1,1,201810,201810,201810,0,0
13843,15,8,201810,202204,"201810,201904,201910,202004,202010,202104,202110,202204",0,0
13847,3,3,201904,202004,"201904,201910,202004",3,0
13864,2,2,202010,202104,"202010,202104",0,0
13873,33,5,202310,202510,"202310,202404,202410,202504,202510",1,0
13879,3,3,202404,202504,"202404,202410,202504",3,0
13891,50,6,202004,202510,"202004,202010,202104,202110,202504,202510",9,0
13897,1,1,202004,202004,202004,0,0
13899,7,7,202110,202410,"202110,202204,202210,202304,202310,202404,202410",0,0
13909,2,2,202004,202010,"202004,202010",2,0
13910,2,2,202004,202010,"202004,202010",2,0
13911,4,2,202004,202010,"202004,202010",2,0
13920,2,2,202010,202104,"202010,202104",0,0
13946,5,5,202010,202304,"202010,202104,202204,202210,202304",0,0
13953,1,1,202104,202104,202104,0,0
13984,5,5,202310,202510,"202310,202404,202410,202504,202510",1,0
13985,12,8,202104,202410,"202104,202110,202204,202210,202304,202310,202404,202410",0,0
13990,22,10,202104,202510,"202104,202110,202204,202210,202304,202310,202404,202410,202504,202510",10,0
13992,14,6,202104,202510,"202104,202110,202204,202404,202504,202510",3,0
14001,3,3,202410,202510,"202410,202504,202510",0,0
14005,8,8,202204,202510,"202204,202210,202304,202310,202404,202410,202504,202510",8,0
14008,48,10,202104,202510,"202104,202110,202204,202210,202304,202310,202404,202410,202504,202510",14,0
14010,40,9,202104,202504,"202104,202110,202204,202210,202304,202310,202404,202410,202504",29,0
14012,2,2,202110,202204,"202110,202204",0,0
14015,52,7,202104,202404,"202104,202110,202204,202210,202304,202310,202404",17,0
14017,3,3,202410,202510,"202410,202504,202510",0,0
14025,4,4,202204,202310,"202204,202210,202304,202310",2,0
14026,3,3,202104,202204,"202104,202110,202204",0,0
14030,7,6,202210,202504,"202210,202304,202310,202404,202410,202504",5,0
14034,15,9,202110,202510,"202110,202204,202210,202304,202310,202404,202410,202504,202510",0,0
14055,5,5,202204,202404,"202204,202210,202304,202310,202404",0,0
14057,12,6,202210,202504,"202210,202304,202310,202404,202410,202504",0,0
14076,3,3,202304,202404,"202304,202310,202404",3,0
14086,1,1,202210,202210,202210,0,0
14091,1,1,202304,202304,202304,0,0
14096,1,1,202304,202304,202304,0,0
14105,3,3,202310,202410,"202310,202404,202410",0,0
14110,2,2,202404,202410,"202404,202410",0,0
14117,3,3,202404,202504,"202404,202410,202504",3,0
14148,2,2,202504,202510,"202504,202510",2,0
14154,5,2,202504,202510,"202504,202510",3,0
14168,1,1,202510,202510,202510,0,0
14171,2,2,202504,202510,"202504,202510",0,0
14172,3,2,202504,202510,"202504,202510",2,0
14173,7,2,202504,202510,"202504,202510",0,0
14187,2,1,202510,202510,202510,0,0
14192,9,1,202510,202510,202510,1,0
14210,2,2,202504,202510,"202504,202510",2,0
14216,1,1,202510,202510,202510,0,0
14217,3,2,202504,202510,"202504,202510",0,0
14219,9,2,202504,202510,"202504,202510",1,0
14221,6,2,202504,202510,"202504,202510",2,0
14235,1,1,202510,202510,202510,0,0
14236,2,2,202504,202510,"202504,202510",2,0
14243,1,1,202510,202510,202510,0,0
14247,2,1,202510,202510,202510,0,0
14270,6,2,202504,202510,"202504,202510",0,0
14281,10,1,202510,202510,202510,0,0
14284,4,2,202504,202510,"202504,202510",2,0
14302,1,1,202510,202510,202510,0,0
14308,2,2,202504,202510,"202504,202510",0,0
20450,3,3,199610,199710,"199610,199704,199710",0,3
21600,2,2,199804,199810,"199804,199810",0,2
23891,2,2,202004,202010,"202004,202010",2,2
