eo_number,title,signing_date_text,fr_citation,not_found
8248,Establishing the divisions of the Executive Office of the President and defining their functions and duties,"Sept. 8, 1939",4 FR 3864,False
8284,,,,True
9830,Amending the Civil Service Rules and providing for Federal personnel administration,"Feb. 24, 1947",12 FR 1259,False
9865,Providing for the protection abroad of inventions resulting from research financed by the Government,"June 14, 1947",12 FR 3907,False
10000,Regulations governing additional compensation and credit granted certain employees of the Federal Government serving outside the United States,"Sept. 16, 1948",13 FR 5453,False
10096,Providing for a uniform patent policy for the Government with respect to inventions made by Government employees and for the administration of such policy,"Jan. 23, 1950",15 FR 389,False
10122,"Regulations governing payment of disability retirement pay, hospitalization, and re-examination of members and former members of the uniformed services","Apr. 14, 1950",15 FR 2173,False
10253,Providing for the improvement of the work of Federal executive agencies with respect to statistical information,"June 11, 1951",16 FR 5605,False
10355,Delegating to the Secretary of the Interior the authority of the President to withdraw or reserve lands of the United States for public purposes,"May 26, 1952",17 FR 4831,False
10450,Security requirements for Government employment,"Apr. 27, 1953",18 FR 2489,False
10485,Providing for the performance of certain functions heretofore performed by the President with respect to electric power and natural gas facilities located on the borders of the United States,"Sept. 3, 1953",18 FR 5397,False
10488,"Providing for the issuance of regulations governing the purchase, custody, transfer, or sale of foreign exchange by the United States","Sept. 23, 1953",18 FR 5699,False
10521,Administration of scientific research by agencies of the Federal Government,"Mar. 17, 1954",,False
10530,Providing for the performance of certain functions vested in or subject to the approval of the President,"May 10, 1954",19 FR 2709,False
10577,Amending the Civil Service Rules and authorizing a new appointment system for the competitive service,"Nov. 23, 1954",19 FR 7521,False
10718,"Delegating to the Secretary of State authority to prescribe the rates or tariffs of fees for official services at United States embassies, legations, and consulates","June 27, 1957",22 FR 4632,False
10789,Authorizing agencies of the Government to exercise certain contracting authority in connection with national-defense functions and prescribing regulations governing the exercise of such authority,"Nov. 14, 1958",23 FR 8897,False
10854,Extension of the application of the Federal Aviation Act of 1958,"Nov. 27, 1959",24 FR 9565,False
10865,Safeguarding classified information within industry,"Feb. 20, 1960",25 FR 1583,False
10982,"Administration of the act of September 26, 1961, relating to evacuation payments, assignments, and allotments, and other matters","Dec. 25, 1961",27 FR 3,False
11048,Administration of Wake Island and Midway Island,"Sept. 4, 1962",27 FR 8851,False
11063,Equal opportunity in housing,"Nov. 20, 1962",27 FR 11527,False
11103,Providing for the appointment of former Peace Corps volunteers to the civilian career services,"Apr. 10, 1963",28 FR 3571,False
11141,Declaring a public policy against discrimination on the basis of age,"Feb. 12, 1964",29 FR 2477,False
11157,"Prescribing regulations relating to incentive pay for hazardous duty, special pay for sea duty and duty at certain places, basic allowances for subsistence and basic allowances for quarters","June 22, 1964",29 FR 7973,False
11161,Relating to certain relationships between the Department of Defense and the Federal Aviation Administration,"July 7, 1964",29 FR 9317,False
11177,Providing for certain arrangements under the Columbia River Treaty,"Sept. 16, 1964",29 FR 13097,False
11190,Providing for the screening of the Ready Reserve of the Armed Forces,"Dec. 29, 1964",29 FR 19183,False
11219,Providing for the appointment in the competitive service of certain present and former officers and employees of the Foreign Service,"May 6, 1965",30 FR 6381,False
11228,Providing for the performance by the Office of Personnel Management of certain functions vested in or subject to the approval of the President,"June 14, 1965",30 FR 7739,False
11246,Equal employment opportunity,"Sept. 24, 1965",30 FR 12319,False
11295,"Rules governing the granting, issuing, and verifying of United States passports","Aug. 5, 1966",31 FR 10603,False
11302,Prescribing regulations governing the allowance of travel expenses of claimants and beneficiaries of the Veterans' Administration and their attendants,"Sept. 6, 1966",31 FR 11741,False
11478,Equal employment opportunity in the Federal Government,"Aug. 8, 1969",34 FR 12985,False
11491,Labor-management relations in the Federal Service,"Oct. 29, 1969",34 FR 17605,False
11514,Protection and enhancement of environmental quality,"Mar. 5, 1970",35 FR 4247,False
11539,Delegations of authority to negotiate agreements and issue regulations limiting imports of certain meats,"June 30, 1970",35 FR 10733,False
11541,Prescribing the duties of the Office of Management and Budget and the Domestic Council in the Executive Office of the President,"July 1, 1970",35 FR 10737,False
11589,Delegating to the Office of Personnel Management certain authorities of the President under the Intergovernmental Personnel Act of 1970 and the Federal Civil Defense Act of 1950,"Apr. 1, 1971",36 FR 6343,False
11593,Protection and enhancement of the cultural environment,"May 13, 1971",36 FR 8921,False
11609,Delegating certain functions vested in the President to other officers of the Government,"July 22, 1971",36 FR 13747,False
11623,Delegating to the Director of Selective Service authority to issue rules and regulations under the Military Selective Service Act,"Oct. 12, 1971",36 FR 19963,False
11625,Prescribing additional arrangements for developing and coordinating a national program for minority business enterprise,"Oct. 13, 1971",36 FR 19967,False
11644,Use of off-road vehicles on the public lands,"Feb. 8, 1972",37 FR 2877,False
11735,"Assignment of functions under section 311 of the Federal Water Pollution Control Act, as amended","Aug. 3, 1973",38 FR 21243,False
11738,"Providing for administration of the Clean Air Act and the Federal Water Pollution Control Act with respect to Federal contracts, grants, or loans","Sept. 10, 1973",38 FR 25161,False
11758,Delegating authority of the President under the Rehabilitation Act of 1973,"Jan. 15, 1974",39 FR 2075,False
11858,Foreign investment in the United States,"May 7, 1975",40 FR 20263,False
11912,Delegation of authorities relating to energy policy and conservation,"Apr. 13, 1976",41 FR 15825,False
11961,International investment and trade in services,"Jan. 19, 1977",42 FR 4321,False
11964,"Implementation of the Convention on the International Regulations for Preventing Collisions at Sea, 1972","Jan. 19, 1977",42 FR 4327,False
11988,Floodplain management,"May 24, 1977",42 FR 26951,False
11990,Protection of wetlands,"May 24, 1977",42 FR 26961,False
11997,"Withholding of District of Columbia, State, city and county income or employment taxes","June 22, 1977",42 FR 31759,False
12002,"Administration of the Export Administration Act of 1969, as amended","July 7, 1977",42 FR 35623,False
12024,Relating to the transfer of certain advisory committee functions,"Dec. 1, 1977",42 FR 61445,False
12038,Relating to certain functions transferred to the Secretary of Energy by the Department of Energy Organization Act,"Feb. 3, 1978",43 FR 4957,False
12046,Relating to the transfer of telecommunications functions,"Mar. 27, 1978",43 FR 13349,False
12048,International Communication Agency,"Mar. 27, 1978",43 FR 13361,False
12058,Functions relating to nuclear non-proliferation,"May 11, 1978",43 FR 20947,False
12067,Providing for coordination of Federal Equal Employment Opportunity programs,"June 30, 1978",43 FR 28967,False
12072,Federal space management,"Aug. 16, 1978",43 FR 36869,False
12086,Consolidation of contract compliance functions for equal employment opportunity,"Oct. 5, 1978",43 FR 46501,False
12105,Garnishment of moneys payable to employees of executive agencies and the District of Columbia,"Dec. 19, 1978",43 FR 59465,False
12106,Transfer of certain equal employment enforcement functions,"Dec. 28, 1978",44 FR 1053,False
12107,Relating to the Civil Service Commission and labor-management in the Federal Service,"Dec. 28, 1978",44 FR 1055,False
12109,Federal physicians comparability allowance,"Dec. 28, 1978",44 FR 1067,False
12114,Environmental effects abroad of major Federal actions,"Jan. 4, 1979",44 FR 1957,False
12127,Federal Emergency Management Agency,"Mar. 31, 1979",44 FR 19367,False
12137,The Peace Corps,"May 16, 1979",44 FR 29023,False
12138,"Creating a National Women's Business Enterprise Policy and prescribing arrangements for developing, coordinating and implementing a national program for women's business enterprise","May 18, 1979",44 FR 29637,False
12144,Transfer of certain equal pay and age discrimination in employment enforcement functions,"June 22, 1979",44 FR 37193,False
12148,Federal emergency management,"July 20, 1979",44 FR 43239,False
12163,Administration of foreign assistance and related functions,"Sept. 29, 1979",44 FR 56673,False
12188,International trade functions,"Jan. 2, 1980",45 FR 989,False
12191,Federal facility ridesharing program,"Feb. 1, 1980",45 FR 7997,False
12196,Occupational safety and health programs for Federal employees,"Feb. 26, 1980",45 FR 12769,False
12214,Administration of the Export Administration Act of 1979,"May 2, 1980",45 FR 29783,False
12215,Delegation of Panama Canal functions,"May 27, 1980",45 FR 36043,False
12220,Agricultural trade development,"June 27, 1980",45 FR 44245,False
12234,Enforcement of the Convention for the Safety of Life at Sea,"Sept. 3, 1980",45 FR 58801,False
12241,National Contingency Plan,"Sept. 29, 1980",45 FR 64879,False
12250,Leadership and Coordination of Nondiscrimination Laws,"Nov. 2, 1980",45 FR 72995,False
12291,Federal regulation,"Feb. 17, 1981",46 FR 13193,False
12318,Statistical policy functions,"Aug. 21, 1981",46 FR 42833,False
12333,United States intelligence activities,"Dec. 4, 1981",46 FR 59941,False
12334,President's Intelligence Oversight Board,"Dec. 4, 1981",46 FR 59955,False
12353,Charitable fund-raising,"Mar. 23, 1982",47 FR 12785,False
12356,National security information,"Apr. 2, 1982",47 FR 14874,False
12364,The Presidential Management Intern Program,"May 24, 1982",47 FR 22931,False
12372,Intergovernmental review of Federal programs,"July 14, 1982",47 FR 30959,False
12411,Government work space management reforms,"Mar. 29, 1983",48 FR 13391,False
12432,Minority business enterprise development,"July 14, 1983",48 FR 32551,False
12445,Certification of containers and vehicles for use in international transport,"Oct. 17, 1983",48 FR 48441,False
12472,Assignment of national security and emergency preparedness telecommunications functions,"Apr. 3, 1984",49 FR 13471,False
12473,"Manual for Courts-Martial, United States, 1984","Apr. 13, 1984",49 FR 17152,False
12504,Protection of semiconductor chip products,"Jan. 31, 1985",50 FR 4849,False
12512,Federal real property management,"Apr. 29, 1985",50 FR 18453,False
12544,Blocking Libyan Government property in the United States or held by U.S. persons,"Jan. 8, 1986",51 FR 1235,False
12549,Debarment and suspension,"Feb. 18, 1986",51 FR 6370,False
12564,Drug-free Federal workplace,"Sept. 15, 1986",51 FR 32889,False
12580,Superfund implementation,"Jan. 23, 1987",52 FR 2923,False
12591,Facilitating access to science and technology,"Apr. 10, 1987",52 FR 13414,False
12597,Establishing procedures for facilitating Presidential review of international aviation decisions by the Department of Transportation,"May 13, 1987",52 FR 18335,False
12600,Predisclosure notification procedures for confidential commercial information,"June 23, 1987",52 FR 23781,False
12615,Performance of commercial activities,"Nov. 19, 1987",52 FR 44853,False
12637,Productivity Improvement Program for the Federal Government,"Apr. 27, 1988",53 FR 15349,False
12642,Designation of the Secretary of Defense as the Presidential designee under title I of the Uniformed and Overseas Citizens Absentee Voting Act,"June 8, 1988",53 FR 21975,False
12656,Assignment of emergency preparedness responsibilities,"Nov. 18, 1988",53 FR 47491,False
