volume,year,last_page,evidence_issue,evidence_source,sitemap_url,sitemap_sha256,mods_url,mods_sha256,fetched_at,mods_volume_stated,mods_digital_origin
1,1936,2619,FR-1936-12-31,govinfo-mods,https://www.govinfo.gov/sitemap/FR_1936_sitemap.xml,831cfa3cdc5af5b2f5548d577f304767ca7bcd1beb7ecf967c20dbf503917f18,https://www.govinfo.gov/metadata/pkg/FR-1936-12-31/mods.xml,a6be5b0dc77b878eb728819ea12828678baca0ade7073cd7bd7a8dd5368a6c56,2026-08-23T14:38:06.296359+00:00,1,reformatted digital
2,1937,3450,FR-1937-12-31,govinfo-mods,https://www.govinfo.gov/sitemap/FR_1937_sitemap.xml,cddfce77b545112eea385cc73de30e982326b1251e7906ac06b1af2be03f14a6,https://www.govinfo.gov/metadata/pkg/FR-1937-12-31/mods.xml,50cb83c9af63c27a8053acf8551485d6e3e530ee936c621e9440156cd4174e2e,2026-08-23T14:38:06.812247+00:00,2,reformatted digital
3,1938,3194,FR-1938-12-31,govinfo-mods,https://www.govinfo.gov/sitemap/FR_1938_sitemap.xml,3da0ff3cc98d97df129fa797e5416b0ddf67c07e710c6e1f010d67e47e3b1c31,https://www.govinfo.gov/metadata/pkg/FR-1938-12-31/mods.xml,633e5c0f8fc851f1d70e89715afc50e729ef319730836ca901d2fc43cb51b381,2026-08-23T14:38:07.323623+00:00,3,reformatted digital
4,1939,5007,FR-1939-12-30,govinfo-mods,https://www.govinfo.gov/sitemap/FR_1939_sitemap.xml,e2521cea9ea378a1e31e99209506d89a4903bb13cd5b70c66a857889a96c3b6a,https://www.govinfo.gov/metadata/pkg/FR-1939-12-30/mods.xml,0ebc48fefe58b5ee2026b9c9ed033fc214af6e02b4b6aa3832cc9bb0e8a9caeb,2026-08-23T14:38:07.837883+00:00,4,reformatted digital
5,1940,5307,FR-1940-12-31,govinfo-mods,https://www.govinfo.gov/sitemap/FR_1940_sitemap.xml,286bd72d55adde790295d7759db8c66800abf78ccff684ac3ed0370180b3f38d,https://www.govinfo.gov/metadata/pkg/FR-1940-12-31/mods.xml,75cfe433ea6d016615bb82bfa212cd7a3775c11109f0bf85ec0bae8a4e214a8a,2026-08-23T14:38:08.337677+00:00,5,reformatted digital
6,1941,6877,FR-1941-12-31,govinfo-mods,https://www.govinfo.gov/sitemap/FR_1941_sitemap.xml,a3287f866e44e26a1593e2ff9d467ced62fc44314389c693607c40d2413de15a,https://www.govinfo.gov/metadata/pkg/FR-1941-12-31/mods.xml,ac63621f567858457f672231a4be04fdc5d74a59264a36df9b7953cf00236cd2,2026-08-23T14:38:08.846958+00:00,6,reformatted digital
7,1942,11134,FR-1942-12-31,govinfo-mods,https://www.govinfo.gov/sitemap/FR_1942_sitemap.xml,3e5d273beeff4873e5e2d440186d0002e0bc59b2942bef98825de094b45646b3,https://www.govinfo.gov/metadata/pkg/FR-1942-12-31/mods.xml,b5b2e7982a19199ee9f1956353f86f8429295579c346f8020d7ed4c9d3dda176,2026-08-23T14:38:09.357299+00:00,7,reformatted digital
8,1943,17553,FR-1943-12-31,govinfo-mods,https://www.govinfo.gov/sitemap/FR_1943_sitemap.xml,335e84a20216b811bd48956c1c7291bf0c51d075600598dfbdc672663f3eb92b,https://www.govinfo.gov/metadata/pkg/FR-1943-12-31/mods.xml,154ef3a0aecccbc575e5d99f2580eea61e6c32ced78b9a329a50fc85cd52a657,2026-08-23T14:38:09.895140+00:00,8,reformatted digital
9,1944,15194,FR-1944-12-30,govinfo-mods,https://www.govinfo.gov/sitemap/FR_1944_sitemap.xml,12f1ada18b9d4039b828b5f048caecaac61907547c1e810e9ea60db68941c478,https://www.govinfo.gov/metadata/pkg/FR-1944-12-30/mods.xml,3edcd6f92d2e8c1d46a06e2336192d7439fb142ca0a7958a4a8669c2be60b382,2026-08-23T14:38:10.402446+00:00,9,reformatted digital
10,1945,15508,FR-1945-12-29,govinfo-mods,https://www.govinfo.gov/sitemap/FR_1945_sitemap.xml,8fd03b1458efa26b1c11bfb079981460e57040a84c23b3e868146085c2352e11,https://www.govinfo.gov/metadata/pkg/FR-1945-12-29/mods.xml,1c72fc812db74284af870408eb383c502042beb6ce7824021e9f1c7ec8dda677,2026-08-23T14:38:10.918100+00:00,10,reformatted digital
11,1946,14736,FR-1946-12-31,govinfo-mods,https://www.govinfo.gov/sitemap/FR_1946_sitemap.xml,54fa121f06561160030ed67c81f1f9657823bbc6fed920493b72c8a51e2d93ef,https://www.govinfo.gov/metadata/pkg/FR-1946-12-31/mods.xml,d54c37aa246327454c3886f762ffad56bdb5d7e4727964cd30c49c1d7192fc35,2026-08-23T14:38:11.426248+00:00,11,reformatted digital
12,1947,8902,FR-1947-12-31,govinfo-mods,https://www.govinfo.gov/sitemap/FR_1947_sitemap.xml,3e08a4aaa6944f899b90cb23b8e12f84a9acbc473e7ec716f9fc59fa1de88ef8,https://www.govinfo.gov/metadata/pkg/FR-1947-12-31/mods.xml,3d6d8bc620923b02d4880071287903abba075e2ef7cc0a5a280bdc2615a5dbfa,2026-08-23T14:38:12.109611+00:00,12,reformatted digital
13,1948,9608,FR-1948-12-31,govinfo-mods,https://www.govinfo.gov/sitemap/FR_1948_sitemap.xml,49f6920c689fe8fc100ab37cde20a1ec35d32a5a26a2a4564663304ef65255c6,https://www.govinfo.gov/metadata/pkg/FR-1948-12-31/mods.xml,d3a33681457aa26d81407de8629e0e038d2183827f6291eeaed7ea514eea8987,2026-08-23T14:38:12.608876+00:00,13,reformatted digital
14,1949,7952,FR-1949-12-31,govinfo-mods,https://www.govinfo.gov/sitemap/FR_1949_sitemap.xml,33d8be07fe23ac34ebfdedea0e7d7fe0d1e9ee69b9d7e1452a5b692f12196ee9,https://www.govinfo.gov/metadata/pkg/FR-1949-12-31/mods.xml,a29c042763936ac2e254af419995ef42bddf9ce0204b0b87ba9717a10c98f7a3,2026-08-23T14:38:13.107176+00:00,14,reformatted digital
15,1950,9562,FR-1950-12-30,govinfo-mods,https://www.govinfo.gov/sitemap/FR_1950_sitemap.xml,a9dcc1520a4f94e8823fc15f1357f5af1d738343ca4106341bd1296a0e765c99,https://www.govinfo.gov/metadata/pkg/FR-1950-12-30/mods.xml,3a7a2dc9b69c3b2df894f80052656fe9a1ade91d23299a064419cab2dd6aa10a,2026-08-23T14:38:13.619211+00:00,15,reformatted digital
16,1951,13175,FR-1951-12-29,govinfo-mods,https://www.govinfo.gov/sitemap/FR_1951_sitemap.xml,08ffec5b4bd8338aa1758dae2172d9b71b7c67609b6c61656b51112d0f91c4fe,https://www.govinfo.gov/metadata/pkg/FR-1951-12-29/mods.xml,7a6196e42285de994c571df8205bed9f39eb6b3ea6a49564c2fa75f4d697b56a,2026-08-23T14:38:14.124266+00:00,16,reformatted digital
17,1952,11896,FR-1952-12-31,govinfo-mods,https://www.govinfo.gov/sitemap/FR_1952_sitemap.xml,94e9ea2bd8293bba1278db26f28d6d44711a1ba5a1230f35de57a466e18aa4a1,https://www.govinfo.gov/metadata/pkg/FR-1952-12-31/mods.xml,3f7a03c0558d3d06019cd4b1831bb68b1b1f5826bc7998db4a458b09defbcd34,2026-08-23T14:38:14.685324+00:00,17,reformatted digital
18,1953,8912,FR-1953-12-31,govinfo-mods,https://www.govinfo.gov/sitemap/FR_1953_sitemap.xml,f816e3c9b478ca87966d09acee0fcd9cf57a1a0d19d4ef769ee5de12ace57bec,https://www.govinfo.gov/metadata/pkg/FR-1953-12-31/mods.xml,313a00e25db772a7793820ee589e00c218e3df70127e3b66603adcf9cc270aaf,2026-08-23T14:38:15.195695+00:00,18,reformatted digital
19,1954,9910,FR-1954-12-31,govinfo-mods,https://www.govinfo.gov/sitemap/FR_1954_sitemap.xml,e4a88ad026b436b3465febe1c6493f4f957b289a0b61daccbe6d07d709220b8d,https://www.govinfo.gov/metadata/pkg/FR-1954-12-31/mods.xml,23e19943b686adfdeb5490aa26be6bf600b4531b9f0b6c0489eff39a60c1c3a3,2026-08-23T14:38:15.692275+00:00,19,reformatted digital
20,1955,10196,FR-1955-12-31,govinfo-mods,https://www.govinfo.gov/sitemap/FR_1955_sitemap.xml,9d961c8309d0f7a53841bfab15647e5c2d1114d43bebb47099b2f65a6ab43c0c,https://www.govinfo.gov/metadata/pkg/FR-1955-12-31/mods.xml,86121346901c3e6936547d5d311514ae71eb0032c0d1315fc8269f6e2e7f26f1,2026-08-23T14:38:16.243292+00:00,20,reformatted digital
21,1956,10528,FR-1956-12-29,govinfo-mods,https://www.govinfo.gov/sitemap/FR_1956_sitemap.xml,bd2ce3f5e3dc0ca7acbfc3879c08597eecb1a7fc2c0e6f3f4c3ec9d0a86655f5,https://www.govinfo.gov/metadata/pkg/FR-1956-12-29/mods.xml,9d9fe9f9494ebbecbbab34a12f4ff49b853e333f9cc34d0e5eeeb9f5a34a56ec,2026-08-23T14:38:16.755753+00:00,21,reformatted digital
22,1957,11156,FR-1957-12-31,govinfo-mods,https://www.govinfo.gov/sitemap/FR_1957_sitemap.xml,29db45c9fea464ec104ba88f180db8e4275f05e418448be74e677b88406fba97,https://www.govinfo.gov/metadata/pkg/FR-1957-12-31/mods.xml,ceaae4c432e86984ae0585075d6b5ee66ab556796ca8e05c7e0f8935724d95ca,2026-08-23T14:38:17.263256+00:00,22,reformatted digital
23,1958,10579,FR-1958-12-31,govinfo-mods,https://www.govinfo.gov/sitemap/FR_1958_sitemap.xml,7ac3b59acce33d559238cee762ed8685a4bb6693c8f43a68f883ac87c194e2c6,https://www.govinfo.gov/metadata/pkg/FR-1958-12-31/mods.xml,4e64d1f905c862f5fc607494d7a2779e6c46adf728795735f9d81244bafbcf66,2026-08-23T14:38:17.803829+00:00,23,reformatted digital
24,1959,11116,FR-1959-12-31,govinfo-mods,https://www.govinfo.gov/sitemap/FR_1959_sitemap.xml,d8101946d6209fa504e4f04fcc43ea3b1ffeb36fb91650043ed479c3cab717a0,https://www.govinfo.gov/metadata/pkg/FR-1959-12-31/mods.xml,404ae20b5b5bc4e093c5c2764ebc07293fca1d0782668dba83e704e2b64bb0c4,2026-08-23T14:38:18.313709+00:00,24,reformatted digital
25,1960,14479,FR-1960-12-31,govinfo-mods,https://www.govinfo.gov/sitemap/FR_1960_sitemap.xml,341b667736dacaf2df2334f0109fea1de7a386c3111c11990e232d8c213ad72a,https://www.govinfo.gov/metadata/pkg/FR-1960-12-31/mods.xml,04999d258b1340ac04735a663d8f1c5378789c91d5777bf26a6b05e1f2f1c802,2026-08-23T14:38:19.064252+00:00,25,reformatted digital
26,1961,12792,FR-1961-12-30,govinfo-mods,https://www.govinfo.gov/sitemap/FR_1961_sitemap.xml,54f00e270887dcaeb98843fbb90aebe5d20cc0554f4dfc1941648b364a2f35bc,https://www.govinfo.gov/metadata/pkg/FR-1961-12-30/mods.xml,f21a674852489e5bd66b27a76bbe7e7c0f381d2c48bb8f3c9c09b68b1dd2e532,2026-08-23T14:38:19.785014+00:00,26,reformatted digital
27,1962,13226,FR-1962-12-29,govinfo-mods,https://www.govinfo.gov/sitemap/FR_1962_sitemap.xml,e41a6d9e9507b0b4efb280c3bf3ee43346e2f50ce31b80844ea8e2b8b63a4e18,https://www.govinfo.gov/metadata/pkg/FR-1962-12-29/mods.xml,e377d3dc21f665991b1b9db9cd40a979e18fb40e1e29375e99a2478b91c6b430,2026-08-23T14:38:20.296948+00:00,27,reformatted digital
28,1963,14842,FR-1963-12-31,govinfo-mods,https://www.govinfo.gov/sitemap/FR_1963_sitemap.xml,584815984eed7798ec204859e006a4d3d58b601d3c431707a1169d7fab233984,https://www.govinfo.gov/metadata/pkg/FR-1963-12-31/mods.xml,287a6e80db7bda326a43659277dffe8e46afb709a88244ba6527576bb327460a,2026-08-23T14:38:20.823341+00:00,28,reformatted digital
29,1964,19304,FR-1964-12-31,govinfo-mods,https://www.govinfo.gov/sitemap/FR_1964_sitemap.xml,763840afaa83369bb43964c3ca82a790be667bafe6c66386c7ce398ed6401282,https://www.govinfo.gov/metadata/pkg/FR-1964-12-31/mods.xml,163823894a4d5f342de5898991f27f407c9efae432f268282b310d99c0a73f8e,2026-08-23T14:38:21.336016+00:00,29,reformatted digital
30,1965,17206,FR-1965-12-31,govinfo-mods,https://www.govinfo.gov/sitemap/FR_1965_sitemap.xml,5b41bedc8cc8f2fffc73b57e3e7da1fee15b65686e565f4ba562adb36427c655,https://www.govinfo.gov/metadata/pkg/FR-1965-12-31/mods.xml,2c77b915058585023be23101f80c55ade713bae5fb9cbd3b436c2206a887eafd,2026-08-23T14:38:21.883754+00:00,30,reformatted digital
31,1966,16850,FR-1966-12-31,govinfo-mods,https://www.govinfo.gov/sitemap/FR_1966_sitemap.xml,e7eb1594099750cacdfb63441653ed04e25bc02361e4832ca069869cf544a28b,https://www.govinfo.gov/metadata/pkg/FR-1966-12-31/mods.xml,0ad983492b065c1bd2ab8c40d835f9f6c3db09f6756492c51d71561f8b6d47dd,2026-08-23T14:38:22.526540+00:00,31,reformatted digital
32,1967,21087,FR-1967-12-30,govinfo-mods,https://www.govinfo.gov/sitemap/FR_1967_sitemap.xml,ec18d13624e2913b5855a6140d9cb2e9d9fbe916132ffa9747149259effe2908,https://www.govinfo.gov/metadata/pkg/FR-1967-12-30/mods.xml,e4e177027fad16f7756a1b67e5d1069a6582b13fb7726ad04cb88d239ae2ee2a,2026-08-23T14:38:23.017747+00:00,32,reformatted digital
33,1968,20072,FR-1968-12-31,govinfo-mods,https://www.govinfo.gov/sitemap/FR_1968_sitemap.xml,8e60edd1de980758e25dc7c8208413e15a3ec4185bdafb6c0026cfba56134864,https://www.govinfo.gov/metadata/pkg/FR-1968-12-31/mods.xml,dacc37475228f4966e80a857a7484a7a5877477ebe222e78849ceb21437e2dd8,2026-08-23T14:38:23.538082+00:00,33,reformatted digital
34,1969,20466,FR-1969-12-31,govinfo-mods,https://www.govinfo.gov/sitemap/FR_1969_sitemap.xml,1a721def957e7b0ffeeed1263b38d0368c95fd67cceb57f4459076ee841bd25e,https://www.govinfo.gov/metadata/pkg/FR-1969-12-31/mods.xml,37eca063c83442abfb88f0910d19ddf615e3b19549c9ecd73d3aa3cb0d32baa4,2026-08-23T14:38:24.047283+00:00,34,reformatted digital
35,1970,20036,FR-1970-12-31,govinfo-mods,https://www.govinfo.gov/sitemap/FR_1970_sitemap.xml,188b987c9cc96b8b88b9c9d5d32548488a6918a92139154031d99a6c708af833,https://www.govinfo.gov/metadata/pkg/FR-1970-12-31/mods.xml,539d8cfc8c7661f2640b7da29658fadcfd997149fe81169709493ad3bc72898c,2026-08-23T14:39:43.253435+00:00,35,reformatted digital
36,1971,25447,FR-1971-12-31,govinfo-mods,https://www.govinfo.gov/sitemap/FR_1971_sitemap.xml,2f4ce649a37259fddb07103f0e76a5239c34c8202b282186bc3209b0ed41cdf9,https://www.govinfo.gov/metadata/pkg/FR-1971-12-31/mods.xml,204d85448d928d7811b822a330e92cf7ca7d0d0634efdacbcfe4a4f09e1d44f3,2026-08-23T14:38:25.132404+00:00,36,reformatted digital
37,1972,28924,FR-1972-12-30,govinfo-mods,https://www.govinfo.gov/sitemap/FR_1972_sitemap.xml,d542d0e8de95a7beb6614fead332373fd8d2095054f41b35de68f6e22e041e35,https://www.govinfo.gov/metadata/pkg/FR-1972-12-30/mods.xml,3b329a71f5ebd61ee3edeed24263349cd0e67140f266109c8352fdd8965f636f,2026-08-23T14:38:25.621070+00:00,37,reformatted digital
38,1973,35591,FR-1973-12-28,govinfo-mods,https://www.govinfo.gov/sitemap/FR_1973_sitemap.xml,ed9d2b8b907e1438df32f2035eefb84bec0595d6192eae5a67f0054dcf13d769,https://www.govinfo.gov/metadata/pkg/FR-1973-12-28/mods.xml,1a890596cc21399076865f820d097719d5e4f4952f7e338fd91d0dd382ffda21,2026-08-23T14:38:26.140139+00:00,38,reformatted digital
39,1974,45422,FR-1974-12-31,govinfo-mods,https://www.govinfo.gov/sitemap/FR_1974_sitemap.xml,fa96801122d3ca2d2be2c366abbb403d4f724af51c38b78b11e7dfd14d72e8f9,https://www.govinfo.gov/metadata/pkg/FR-1974-12-31/mods.xml,2bec6e1edbb65ddb4140aa14f59b1622ffaf72a50db3cd4bff18e46023e7a3a0,2026-08-23T14:38:26.637028+00:00,39,reformatted digital
40,1975,60221,FR-1975-12-31,govinfo-mods,https://www.govinfo.gov/sitemap/FR_1975_sitemap.xml,854b9cc129e983316066c2f29fd964d8d708a508de8d9a7cd20ff19399cb1dde,https://www.govinfo.gov/metadata/pkg/FR-1975-12-31/mods.xml,fe5632db4d2c0d1b038929a271d47e21f4ba393990f28412553cc5e22fd22e6d,2026-08-23T14:38:27.157934+00:00,40,reformatted digital
41,1976,57072,FR-1976-12-30,govinfo-mods,https://www.govinfo.gov/sitemap/FR_1976_sitemap.xml,446bcb769c48243af3b6daae48a3ab4a42933bf05fae2fb19aab73ed31958888,https://www.govinfo.gov/metadata/pkg/FR-1976-12-30/mods.xml,d441207df322959054cf555e4075ffd5035468d9e351bf080afb5b8758a16813,2026-08-23T14:38:27.660166+00:00,41,reformatted digital
42,1977,65603,FR-1977-12-30,govinfo-mods,https://www.govinfo.gov/sitemap/FR_1977_sitemap.xml,3932ded5fe9dd0aa2d2c8fd0f18d51267a79e6db3fe3ad0cc54b492f4764509d,https://www.govinfo.gov/metadata/pkg/FR-1977-12-30/mods.xml,8e0c6c1e402b0b45ce4e3ab30980283a1e6c2e63a3e3108327a37ae98c06cd5e,2026-08-23T14:38:28.183931+00:00,42,reformatted digital
43,1978,61261,FR-1978-12-29,govinfo-mods,https://www.govinfo.gov/sitemap/FR_1978_sitemap.xml,7294148f4f87eeeeef1fe43b3aa6f87803506a49ba11d83277c5935527a5be85,https://www.govinfo.gov/metadata/pkg/FR-1978-12-29/mods.xml,c13b831ce7e560a01617171bed64d6179f4b36b3f3ce644ba8efc42abe19bdc2,2026-08-23T14:38:28.695661+00:00,43,reformatted digital
44,1979,77498,FR-1979-12-31,govinfo-mods,https://www.govinfo.gov/sitemap/FR_1979_sitemap.xml,6a74729a2cea45628fa51cdc462087200b45b4387f8faba931043a2f549133be,https://www.govinfo.gov/metadata/pkg/FR-1979-12-31/mods.xml,246401fc09a9de71d0f72771ff5ca8d7018d3ad0dd31d6d9a083bd7badbf2fa5,2026-08-23T14:38:29.203514+00:00,44,reformatted digital
45,1980,87012,FR-1980-12-31,govinfo-mods,https://www.govinfo.gov/sitemap/FR_1980_sitemap.xml,5113d98d8c9eb42a34c86a703910348e6d20025c89bc3dc11eca1817b8b8ca44,https://www.govinfo.gov/metadata/pkg/FR-1980-12-31/mods.xml,75dbd19fd43415ae6b68f3c50d974f3f0a799470bafc8488de42fcb765077414,2026-08-23T14:38:29.707157+00:00,45,reformatted digital
46,1981,63554,FR-1981-12-31,govinfo-mods,https://www.govinfo.gov/sitemap/FR_1981_sitemap.xml,eb5ac40a8528d224c4292da0c19da62fd5541a2e7e8384ab6cdb522677441165,https://www.govinfo.gov/metadata/pkg/FR-1981-12-31/mods.xml,2dd8605b58784ca7e301ac8c3066272ceff21bdba918f08c9f4ac047372a7211,2026-08-23T14:38:30.199024+00:00,46,reformatted digital
47,1982,58494,FR-1982-12-30,govinfo-mods,https://www.govinfo.gov/sitemap/FR_1982_sitemap.xml,402b36841e2d8e6278a17edf051d1be15c58eb49a1ed6cf2f29f8e55e8ee4332,https://www.govinfo.gov/metadata/pkg/FR-1982-12-30/mods.xml,6cc45e17b3a490b3a789c98b9b484fcbed1f72e7a22f23361b5356f97cc838bc,2026-08-23T14:38:30.700486+00:00,47,reformatted digital
48,1983,57704,FR-1983-12-30,govinfo-mods,https://www.govinfo.gov/sitemap/FR_1983_sitemap.xml,b677b6e563f45fc7530f732df49710a4db8b02a130864114c3131eceb94d8d65,https://www.govinfo.gov/metadata/pkg/FR-1983-12-30/mods.xml,0b7bb7adaff840c1fddbf215dfdab8556389e9a8b96757b99aa490cdfcd312c5,2026-08-23T14:38:31.262768+00:00,48,reformatted digital
49,1984,50998,FR-1984-12-31,govinfo-mods,https://www.govinfo.gov/sitemap/FR_1984_sitemap.xml,84631a2b828f7ee59f527826685fe52e2741271c8212a8312b0bee0e51900a5f,https://www.govinfo.gov/metadata/pkg/FR-1984-12-31/mods.xml,74a298b748ba83fe1727ee230fa87ffb6b8257146b14db8d9bb0f5611964c406,2026-08-23T14:38:31.775483+00:00,49,reformatted digital
50,1985,53480,FR-1985-12-31,govinfo-mods,https://www.govinfo.gov/sitemap/FR_1985_sitemap.xml,2cad35c52ed2527132fbe6dc5be52a5047be620d72ba7459ce2d8447727dd273,https://www.govinfo.gov/metadata/pkg/FR-1985-12-31/mods.xml,db516ecf9b779ba997afaf910b31e4d176f23de63f2295768b749e472a78cc8c,2026-08-23T14:38:32.300713+00:00,50,reformatted digital
51,1986,47418,FR-1986-12-31,govinfo-mods,https://www.govinfo.gov/sitemap/FR_1986_sitemap.xml,0c6e549fab5e1e7c44eb3f4a685dbf9ebee5a08f01e9ff93e5e6899ccc15fe94,https://www.govinfo.gov/metadata/pkg/FR-1986-12-31/mods.xml,eb5a1ecedc7f9913d7248cf6bcc259f281dddafb89aa9a6013b8d181ad9f2d88,2026-08-23T14:38:32.796085+00:00,51,reformatted digital
52,1987,49654,FR-1987-12-31,govinfo-mods,https://www.govinfo.gov/sitemap/FR_1987_sitemap.xml,d3f89d3bc7cd67abfba6c9a284900fe3ac965604a2840de552aab57fcf9b3067,https://www.govinfo.gov/metadata/pkg/FR-1987-12-31/mods.xml,84d7bdbe5a68a53102ef4067b24fc30d1f37598036a49901f22b81ecc4735ccd,2026-08-23T14:38:33.302090+00:00,52,reformatted digital
53,1988,53376,FR-1988-12-30,govinfo-mods,https://www.govinfo.gov/sitemap/FR_1988_sitemap.xml,c227970d26ab40e678331cd1c0dfaffe9802f9647d3a82a7b0abaa9a5b792072,https://www.govinfo.gov/metadata/pkg/FR-1988-12-30/mods.xml,175afb762ca8c6d36a62f2cee6afe9e67a19393fdde35ff3cee90877db6e72c7,2026-08-23T14:38:33.802412+00:00,53,reformatted digital
54,1989,53822,FR-1989-12-29,govinfo-mods,https://www.govinfo.gov/sitemap/FR_1989_sitemap.xml,f4fbcb78e703efe009a2631ee9dcc41f56f2074a80854c0ca8d1b9be4e2c3f72,https://www.govinfo.gov/metadata/pkg/FR-1989-12-29/mods.xml,104bc85e5fbaacfa7b4524433ae5999a6c2f01b1dad4143e739149ed838f242c,2026-08-23T14:38:34.566572+00:00,54,reformatted digital
55,1990,53618,FR-1990-12-31,govinfo-mods,https://www.govinfo.gov/sitemap/FR_1990_sitemap.xml,229fee3a379cfa7f6f0fbb9afce664b1664b966d1736392f935bd8d82e92ee01,https://www.govinfo.gov/metadata/pkg/FR-1990-12-31/mods.xml,e81c9c46db3d1cfa25e26d049ccbd1e177c2299aa5618ca0da37b87fb50a9891,2026-08-23T14:38:35.068511+00:00,55,reformatted digital
56,1991,67716,FR-1991-12-31,govinfo-mods,https://www.govinfo.gov/sitemap/FR_1991_sitemap.xml,2967bbe43aa2e3dc660276c00216fcef861cf073392f8cb17cc59fd430309ca0,https://www.govinfo.gov/metadata/pkg/FR-1991-12-31/mods.xml,230c6abcbfc17e4ea9788448719b20fa638a79898ab3a7361bd7343f662b982b,2026-08-23T14:38:35.565482+00:00,56,reformatted digital
57,1992,62920,FR-1992-12-31,govinfo-mods,https://www.govinfo.gov/sitemap/FR_1992_sitemap.xml,0e36cdc4b5f9cb29f614234a3880fa69bfafe4920a22a359af8571a12ad38807,https://www.govinfo.gov/metadata/pkg/FR-1992-12-31/mods.xml,bd3e945c73c688d92d03bf0b5650e134e771a8ffe6bab2fabb59da28b2280e49,2026-08-23T14:38:36.063174+00:00,57,reformatted digital
58,1993,69684,FR-1993-12-30,govinfo-mods,https://www.govinfo.gov/sitemap/FR_1993_sitemap.xml,d5ece8eceb906a8fbe64701c5d7d3304b609bab7456efea704079542bd5e0164,https://www.govinfo.gov/metadata/pkg/FR-1993-12-30/mods.xml,98a84d4c28dd82482e1c4849b785aab1cd17df92e70d11ab79e1b2ccf9b78829,2026-08-23T14:38:36.566906+00:00,58,reformatted digital
