token,agency_prefix_or_any,expansion,act_key_in_index,evidence_kind,evidence_url,evidence_sha256,evidence_quote,fetched_at,status,rows,notes
AML,1506,Anti-Money Laundering Act of 2020,116-283,act-index,https://uscode.house.gov/popularnames/popularnames.htm,sha256:7cbacdbcea8834be6591226dfc8c0f1714bbf7006a0b2dff300f3112f1c26489,"corpus text 'sec. 6103 of the AML Act' (rin 1506=FinCEN/Treasury); act index confirms 'Anti-Money Laundering Act of 2020' at table3_key 116-283 (enacted as Division F of the FY2021 NDAA, hence sharing that key with NDAA-FY2021).",2026-08-23,pinned,3,
ANILCA,1024,Alaska National Interest Lands Conservation Act,96-487,act-index,https://uscode.house.gov/popularnames/popularnames.htm,sha256:7cbacdbcea8834be6591226dfc8c0f1714bbf7006a0b2dff300f3112f1c26489,"corpus text 'ANILCA sec 203' / 'ANILCA sec 1313' (rin 1024=NPS/Interior); act index resolves 'Alaska National Interest Lands Conservation Act' to 96-487, exact-initials match.",2026-08-23,pinned,2,
APUSC,1902,,none,not-applicable,,,"corpus text '49 APUSC 1 to 85' (rin 1902) -- reads as a garbled '49 App. U.S.C. 1 to 85' (a pre-recodification Title 49 Appendix citation, common for historic Interstate Commerce Act material).",,not-an-act:identifier,1,
ARRA,"0412,1810,1855",American Recovery and Reinvestment Act of 2009,111-5,act-index,https://uscode.house.gov/popularnames/popularnames.htm,sha256:7cbacdbcea8834be6591226dfc8c0f1714bbf7006a0b2dff300f3112f1c26489,"corpus text is bare 'ARRA 2009' / 'ARRA as amended by PL 112-10 and PL 112-74'; the pinned act index (sourced from this OLRC page) resolves 'American Recovery and Reinvestment Act of 2009' cleanly to table3_key 111-5, and no other 2009 act with initials ARRA competes. No live FR quote binding the bare token found within budget.",2026-08-23,pinned,15,
ATRA,0938,American Taxpayer Relief Act of 2012,112-240,act-index,https://uscode.house.gov/popularnames/popularnames.htm,sha256:7cbacdbcea8834be6591226dfc8c0f1714bbf7006a0b2dff300f3112f1c26489,"corpus text 'ATRA sec 632(a)' (rin 0938=CMS); act index resolves 'American Taxpayer Relief Act of 2012' ('fiscal cliff' act) to 112-240, exact-initials match.",2026-08-23,pinned,3,
BA,0938,balanced budget act of 1997,105-33,act-index+existing-roster,https://uscode.house.gov/popularnames/popularnames.htm,sha256:7cbacdbcea8834be6591226dfc8c0f1714bbf7006a0b2dff300f3112f1c26489,roster resolves 1/1 rows to: balanced budget act of 1997,2026-08-23,pinned,1,
BB,"0938,1210,1545,1615,1904,3206",,none,not-applicable,,,"corpus text 'Pub. L. 116-260, Division BB, title I' -- Division BB is one of many lettered divisions of the Consolidated Appropriations Act, 2021 (Pub. L. 116-260), not itself a named act.",,not-an-act:division-letter,9,
BBA,"0936,0938,0960",balanced budget act of 1997,105-33,act-index+existing-roster,https://uscode.house.gov/popularnames/popularnames.htm,sha256:7cbacdbcea8834be6591226dfc8c0f1714bbf7006a0b2dff300f3112f1c26489,roster resolves 15/15 rows to: balanced budget act of 1997,2026-08-23,pinned,15,
BBRA,0938,"Medicare, Medicaid, and SCHIP Balanced Budget Refinement Act of 1999",106-113,federal-register-document,https://www.federalregister.gov/documents/2000/04/10/00-8708/medicare-program-sustainable-growth-rate-for-the-year-2000,sha256:8cf0638c3a0f3db0fd8fa5954fd1a48c204b4b422784788b50994c9bee61eeee,"This final notice implements section 211(a)(2)(C) of ... the Medicare, Medicaid, and State Childrens Health Insurance Program Balanced Budget Refinement Act of 1999 (BBRA), that requires us to publish a notice...",2026-08-23,pinned,41,
BIPA,0938,"Medicare, Medicaid, and SCHIP Benefits Improvement and Protection Act of 2000",106-554,act-index-direct,https://uscode.house.gov/popularnames/popularnames.htm,sha256:7cbacdbcea8834be6591226dfc8c0f1714bbf7006a0b2dff300f3112f1c26489,"resolve_act_name('BIPA', index) succeeds directly off the bare token: ALIAS_YEAR_RULE supplies 'of 2000' because exactly one listed act's stem completes it, so the literal 3-letter token resolves with no external fetch needed at all.",2026-08-23,pinned,27,
CAA,"2009,2012,2020,2050,2060,2070,2090",clean air act,1955:360,act-index+existing-roster,https://uscode.house.gov/popularnames/popularnames.htm,sha256:7cbacdbcea8834be6591226dfc8c0f1714bbf7006a0b2dff300f3112f1c26489,abstract states an act name the pinned index carries verbatim: 'clean air act'; roster resolves 34/40 rows to: clean air act,2026-08-23,pinned,40,
CAAA,"2020,2050,2060",clean air act amendments of 1990,101-549,act-index+existing-roster,https://uscode.house.gov/popularnames/popularnames.htm,sha256:7cbacdbcea8834be6591226dfc8c0f1714bbf7006a0b2dff300f3112f1c26489,roster resolves 8/9 rows to: clean air act amendments of 1990,2026-08-23,pinned,9,
CADC,3072,,none,not-applicable,,,"corpus text 'WSC v. FMC, No. 24-1088 (CADC Sept. 23, 2025)' -- 'CADC' is the standard case-citation abbreviation for the U.S. Court of Appeals for the D.C. Circuit.",,not-an-act:reporter,1,
CEA,3038,commodity exchange act,1922:369,act-index+existing-roster,https://uscode.house.gov/popularnames/popularnames.htm,sha256:7cbacdbcea8834be6591226dfc8c0f1714bbf7006a0b2dff300f3112f1c26489,roster resolves 2/2 rows to: commodity exchange act,2026-08-23,pinned,2,
CMHS,0930,Community Mental Health Services Block Grant,none,corpus-context,,,"corpus text 'Sections 1911 through 1956 of the PHS Act Authorize the Community Ment[al Health Services Block Grant]...' (rin 0930=SAMHSA) -- CMHS names a grant PROGRAM authorized by title XIX-B of the Public Health Service Act, not a separate act with its own popular name.",,not-an-act:identifier,3,
CMVSA,2126,commercial motor vehicle safety act of 1986,99-570,act-index+existing-roster,https://uscode.house.gov/popularnames/popularnames.htm,sha256:7cbacdbcea8834be6591226dfc8c0f1714bbf7006a0b2dff300f3112f1c26489,roster resolves 3/3 rows to: commercial motor vehicle safety act of 1986,2026-08-23,pinned,3,
CWA,"0710,2009,2020,2030,2040,2050,2060",federal water pollution control act,1948:758,act-index+existing-roster,https://uscode.house.gov/popularnames/popularnames.htm,sha256:7cbacdbcea8834be6591226dfc8c0f1714bbf7006a0b2dff300f3112f1c26489,abstract states an act name the pinned index carries verbatim: 'federal water pollution control act'; roster resolves 4/11 rows to: clean water act,2026-08-23,pinned,11,
DCR,3225,,none,not-applicable,,,"corpus text 'D.C. Law 18-88, sec. 56 DCR 7413' (rin 3225) -- District of Columbia Register, the District's official gazette/reporter (cited '56 DCR 7413' the way a U.S.C. or Federal Register citation would be).",,not-an-act:reporter,12,
DEL,1902,,none,not-applicable,,,"corpus text '...DOE Delegation Order No. S1-DEL-FERC-2006 (M...' (rin 1901,1902=DOE) -- 'DEL' is a fragment of the delegation-order identifier 'S1-DEL-FERC-2006', split apart by the token scanner, not a standalone initialism.",,not-an-act:identifier,3,
DHS,"1601,1625",,none,not-applicable,,,"corpus text 'DHS Delegation Number 0700' / 'DHS Del. No. 13001, Rev. 01' (rin 1601, 1625) -- Department of Homeland Security, issuing its own delegation orders.",,not-an-act:agency,17,
DOE,"1901,1902",,none,not-applicable,,,"corpus text 'DOE Delegation Order No. 0204-111' / '...E.O. 12038...' (rin 1901,1902) -- Department of Energy, issuing its own delegation orders.",,not-an-act:agency,3,
DOJ,"1103,1105",,none,not-applicable,,,"corpus text 'DOJ Ord 1735.1' / 'DOJ Order 2710.8A' (rin 1103,1105) -- Department of Justice, issuing its own numbered Orders (directives).",,not-an-act:agency,5,
EE,"0790,1513",,none,not-applicable,,,"corpus text 'EE.O.M Directive 715' / 'EE.O.M 715' (rin 0790,1513) -- reads as 'EEO[.M]' = Equal Employment Opportunity [Management] Directive 715, a standard EEOC directive number, not a statute.",,not-an-act:directive,3,
EPA,"0596,2030","ambiguous: Environmental Protection Agency (rin 2030, self-referential 'EPA Acquisition Regulation') vs. Energy Policy Act of 1992 (rin 0596=Forest Service, 'EPA 1992')",102-486 (Energy Policy Act sense only),act-index,https://uscode.house.gov/popularnames/popularnames.htm,sha256:7cbacdbcea8834be6591226dfc8c0f1714bbf7006a0b2dff300f3112f1c26489,"corpus text 'EPA Acquisition Regulation sec 205' (rin 2030) is unambiguously the AGENCY (EPAAR, 48 CFR ch. 15, is the Environmental Protection Agency's own procurement regulation). corpus text 'EPA 1992' (rin 0596=Forest Service) most plausibly means the Energy Policy Act of 1992 -- the act index confirms that name resolves cleanly to 102-486 -- but no FR document glossing 'EPA 1992' as the Energy Policy Act was found within budget (an FR search restricted to Forest Service returned only 2 unrelated documents).",2026-08-23,ambiguous,9,
EPCRA,"2020,2025,2070",emergency planning and community right-to-know act of 1986,99-499,act-index+existing-roster,https://uscode.house.gov/popularnames/popularnames.htm,sha256:7cbacdbcea8834be6591226dfc8c0f1714bbf7006a0b2dff300f3112f1c26489,abstract states an act name the pinned index carries verbatim: 'emergency planning and community right-to-know act of 1986',2026-08-23,pinned,10,
ESSA,1810,Every Student Succeeds Act,114-95,act-index,https://uscode.house.gov/popularnames/popularnames.htm,sha256:7cbacdbcea8834be6591226dfc8c0f1714bbf7006a0b2dff300f3112f1c26489,corpus text 'Every Student Succeeds Act (ESSA) of 2015' is self-glossing; act index carries the name as 'Every Student Succeeds Act' (no trailing year) at 114-95 -- the corpus's own 'of 2015' suffix is not how OLRC stores the name.,2026-08-23,pinned,1,
FAA,2105,FAA Reauthorization Act of 2018,115-254,act-index+corpus-pl-number,https://uscode.house.gov/popularnames/popularnames.htm,sha256:7cbacdbcea8834be6591226dfc8c0f1714bbf7006a0b2dff300f3112f1c26489,"corpus text 'sec. 403 of the 2018 FAA Reauthorization Act' self-glosses the act's own popular name, which the act index carries verbatim at table3_key 115-254 (rin 2105=DOT/OST).",2026-08-23,pinned,2,"Token 'FAA' also names the agency (Federal Aviation Administration) generally -- here it functions as a shortened form of the act's own title, not a bare agency reference."
FAIR,0563,Federal Agriculture Improvement and Reform Act of 1996,104-127,act-index,https://uscode.house.gov/popularnames/popularnames.htm,sha256:7cbacdbcea8834be6591226dfc8c0f1714bbf7006a0b2dff300f3112f1c26489,"corpus text 'FAIR Act of 1996, section 191, section 226 A(b)' (rin 0563); act index resolves 'Federal Agriculture Improvement and Reform Act of 1996' -- the 1996 'Freedom to Farm Act' -- to 104-127, year matches exactly.",2026-08-23,pinned,4,
FASA,2030,federal acquisition streamlining act of 1994,103-355,act-index+existing-roster,https://uscode.house.gov/popularnames/popularnames.htm,sha256:7cbacdbcea8834be6591226dfc8c0f1714bbf7006a0b2dff300f3112f1c26489,abstract states an act name the pinned index carries verbatim: 'federal acquisition streamlining act of 1994',2026-08-23,pinned,1,
FAST,"2125,2126,2130,2132",FAST Act (Fixing America's Surface Transportation Act),114-94,act-index+corpus-pl-number,https://uscode.house.gov/popularnames/popularnames.htm,sha256:7cbacdbcea8834be6591226dfc8c0f1714bbf7006a0b2dff300f3112f1c26489,"corpus text 'Section 5516 of the FAST Act (Pub. L. 114-94)' is self-glossing with the exact PL number; the act index carries 'FAST Act' itself as a listed name (not just 'Fixing America's Surface Transportation Act'), both at table3_key 114-94.",2026-08-23,pinned,3,
FBI,1105,,none,not-applicable,,,"corpus text ""...'Delegation of Responsibilities Concerning FBI...'"" (rin 1105=DOJ) -- Federal Bureau of Investigation.",,not-an-act:agency,2,
FD&C,0910,"Federal Food, Drug, and Cosmetic Act",1938:675,federal-register-document,https://www.federalregister.gov/documents/2026/04/23/2026-07910/harmful-and-potentially-harmful-constituents-in-tobacco-products-and-tobacco-smoke-establishing,sha256:7f38ae523deb08e9d1372370bb37d93d4b9eeb136d2cc53b0eb01ea71773100d,"...as required by the Federal Food, Drug, and Cosmetic Act (the FD&C Act).",2026-08-23,pinned,15,
FDASIA,0910,Food and Drug Administration Safety and Innovation Act,112-144,act-index+corpus-pl-number,,,"corpus text 'secs 506C, ... of the FDA&C Act, as amended by title X (Drug Shortages) of FDASIA, PL 112-144, July 9, 2012' -- PL 112-144 resolves in the pinned index to exactly one act whose initials (F-D-A-S-I-A) match the token.",n/a,pinned,6,
FEMA,3067,,none,not-applicable,,,"corpus text 'FEMA Reg 5 issued under sec. 602' (rin 3067) -- Federal Emergency Management Agency, issuing its own numbered regulations.",,not-an-act:agency,1,
FERC-2006,1902,,none,not-applicable,,,"corpus text 'DOE Delegation Order No. S1-DEL-FERC-2006' (rin 1902=DOE) -- the same delegation-order identifier as DEL; 'FERC-2006' is its tail fragment, not 'Federal Energy Regulatory Commission' plus a year.",,not-an-act:identifier,3,
FIFRA,"2020,2070","federal insecticide, fungicide, and rodenticide act",1947:125,act-index+existing-roster,https://uscode.house.gov/popularnames/popularnames.htm,sha256:7cbacdbcea8834be6591226dfc8c0f1714bbf7006a0b2dff300f3112f1c26489,"roster resolves 4/4 rows to: federal insecticide, fungicide, and rodenticide act",2026-08-23,pinned,4,
FIPS,0790,,none,not-applicable,,,"corpus text 'FIPS 201-2' (rin 0790) -- Federal Information Processing Standard 201-2 (Personal Identity Verification), a NIST technical standard, not a statute.",,not-an-act:standard,9,
FLPMA,1004,federal land policy and management act of 1976,94-579,act-index+existing-roster,https://uscode.house.gov/popularnames/popularnames.htm,sha256:7cbacdbcea8834be6591226dfc8c0f1714bbf7006a0b2dff300f3112f1c26489,roster resolves 3/3 rows to: federal land policy and management act of 1976,2026-08-23,pinned,3,
FLSA,"1210,1215,1218",fair labor standards act of 1938,1938:676,act-index+existing-roster,https://uscode.house.gov/popularnames/popularnames.htm,sha256:7cbacdbcea8834be6591226dfc8c0f1714bbf7006a0b2dff300f3112f1c26489,abstract states an act name the pinned index carries verbatim: 'fair labor standards act of 1938'; roster resolves 14/24 rows to: fair labor standards act of 1938,2026-08-23,pinned,24,
FMC,3072,,none,not-applicable,,,"corpus text 'WSC v. FMC, No. 24-1088 (CADC Sept. 23, 2025)' (rin 3072=FMC itself) -- Federal Maritime Commission, named as a litigation party.",,not-an-act:agency,1,
FOIA,"0348,0412,0605,0960,0991,1212,2105,3005,3037,3076,3137,3155,3219",Freedom of Information Act (the corpus's own rows split across the 'Electronic Freedom of Information Act Amendments of 1996' and the 'FOIA Improvement Act of 2016'),104-231 or 114-185 (year-dependent),act-index,https://uscode.house.gov/popularnames/popularnames.htm,sha256:7cbacdbcea8834be6591226dfc8c0f1714bbf7006a0b2dff300f3112f1c26489,corpus text '5 USC 552 Electronic FOIA Amendments of 1996' resolves to 104-231; corpus text 'The FOIA Improvement Act of 2016 (Pub. L. 114-185)' resolves to 114-185 (also reverse-PL-verified). The bare base 'Freedom of Information Act' (1966) itself does not resolve in the pinned index.,2026-08-23,pinned,1,Year-qualified like NDAA: which FOIA-amending act is meant depends on which amendment year the record cites.
FS,0596,,none,not-applicable,,,corpus text 'FS Handbooks' (rin 0596=USDA Forest Service) -- 'FS' = the Forest Service itself.,,not-an-act:agency,1,
FSA,0938,,none,none,,,"corpus text 'Sec. 303 of the FSA' (rin 0938=CMS) -- ambiguous between several real 'FSA' expansions (Family Support Act of 1988, Flexible Spending Arrangement, historic Federal Security Agency); none confirmed. Left unresolved (2 rows, no fetch spent).",,belief-only,2,
FSH,0596,,none,not-applicable,,,"corpus text 'FSH 2709.11' / 'FSH 1509.13' / 'FSH 6709.11' (rin 0596=USDA Forest Service) -- Forest Service Handbook, an internal agency directive numbering system, not a statute.",,not-an-act:directive,18,
FY,"0348,0790,1205,1215,1240,1400,1601,2502,3206",,none,not-applicable,,,"corpus text 'sec 823 of the National Defense Authorization Act for Fiscal Year 2009' -- 'FY' is a two-letter fragment the token scanner lifted out of ordinary prose ('for Fiscal Year'), not an abbreviation the source text intends as an initialism in its own right.",,not-an-act:identifier,3,
HIPAA,"0938,0945,1210",Health Insurance Portability and Accountability Act of 1996,104-191,act-index+corpus-pl-number,,,"corpus text 'HIPAA, PL 104-191' -- PL 104-191 resolves in the pinned index to exactly one act, exact-initials match.",n/a,pinned,5,
HSIA,0648,"Hydrographic Services Improvement Act of 1998, as amended",105-384,federal-register-document,https://www.federalregister.gov/documents/2024/08/26/2024-15790/hydrographic-services-review-panel-meeting-september-24th-26th-2024,sha256:b2cce2bb44de9b04a963a7f5ca2aade8a54e5db12e715783d8dd4b0ba99cd489,"The Hydrographic Services Improvement Act of 1998, as amended (HSIA; 33 U.S.C. 892 et seq.), established the HSRP as a Federal Advisory Committee...",2026-08-23,pinned,18,
HTS,0551,,none,not-applicable,,,"corpus text 'ch 4 of the HTS' (rin 0551) -- Harmonized Tariff Schedule of the United States, a tariff classification standard, not a statute.",,not-an-act:standard,1,
HTSUS,"1505,1515,1651,1685",,none,not-applicable,,,"corpus text '19 USC 1202 (General Note 3(i), Harmonized Tariff Schedule of the United States)' (rin 1505,1515,1651,1685=Treasury/CBP) -- same standard as HTS, written in full.",,not-an-act:standard,1,
IEEPA,"0694,1505",International Emergency Economic Powers Act,95-223,act-index,https://uscode.house.gov/popularnames/popularnames.htm,sha256:7cbacdbcea8834be6591226dfc8c0f1714bbf7006a0b2dff300f3112f1c26489,"corpus text '50 USC 1705 (IEEPA)' self-glosses via the parenthetical and cites 1705, inside IEEPA's own codification (50 U.S.C. ch. 35); act index confirms 'International Emergency Economic Powers Act' at 95-223.",2026-08-23,pinned,1,
IIJA,"0348,2105,2132",Infrastructure Investment and Jobs Act,117-58,federal-register-document,https://www.federalregister.gov/documents/2025/05/23/2025-09248/agency-information-collection-activities-requests-for-comments-clearance-of-a-renewed-approval-of,sha256:f4aadd3e78385c0be8bb62a09338039d39a8657a451d2228de16c7af2f88b8ec,"...soliciting project information for the Infrastructure Investment and Jobs Act (IIJA) Airport Terminal, Tower and Airport Inf[rastructure]...",2026-08-23,pinned,28,
INA,"1205,1400,1615,1651",immigration and nationality act,1952:477,act-index+existing-roster,https://uscode.house.gov/popularnames/popularnames.htm,sha256:7cbacdbcea8834be6591226dfc8c0f1714bbf7006a0b2dff300f3112f1c26489,abstract states an act name the pinned index carries verbatim: 'immigration and nationality act'; roster resolves 3/15 rows to: immigration and nationality act,2026-08-23,pinned,15,
INS,1615,Immigration and Naturalization Service (agency) -- or a mistyping of INA (Immigration and Nationality Act),none,corpus-context,,,"corpus text 'INS secs. 208, 241, and 274A' (rin 1615=USCIS) -- sections 208 (asylum), 241 (removal), and 274A (unlawful employment) are all real Immigration and Nationality Act (INA) section numbers, so 'INS' here plausibly stands in for 'INA' rather than for the pre-2003 Immigration and Naturalization Service; the roster cannot decide this from the text alone.",,ambiguous,1,
IRPS,3133,,none,not-applicable,,,"corpus text 'IRPS 87-2' (rin 3133=NCUA) -- NCUA Interpretive Ruling and Policy Statement, a numbered agency-guidance series, not a statute.",,not-an-act:directive,1,
LU,"2125,2126,2127,2132","Safe, Accountable, Flexible, Efficient Transportation Equity Act: A Legacy for Users (SAFETEA-LU)",109-59,olrc-popular-names-table,https://uscode.house.gov/popularnames/popularnames.htm,sha256:7cbacdbcea8834be6591226dfc8c0f1714bbf7006a0b2dff300f3112f1c26489,"<p class='popular-name-information' content-type='also-known-as'>Also known as SAFETEA-LU</p> [under 'Safe, Accountable, Flexible, Efficient Transportation Equity Act: A Legacy for Users', Pub. L. 109-59]",2026-08-23,pinned,8,
MAP-21,"2125,2126,2130,2132",Moving Ahead for Progress in the 21st Century Act (MAP-21),112-141,act-index-direct,https://uscode.house.gov/popularnames/popularnames.htm,sha256:7cbacdbcea8834be6591226dfc8c0f1714bbf7006a0b2dff300f3112f1c26489,"the pinned popular-names table lists 'MAP-21' as a literal, separate name row (content_type='cite', table3_key=112-141) as well as an 'also-known-as' cross-reference from 'Moving Ahead for Progress in the 21st Century Act' -- the bare token resolves with no external fetch needed.",2026-08-23,pinned,2,
MCA,2126,"motor carrier act, 1935",1887:104,act-index+existing-roster,https://uscode.house.gov/popularnames/popularnames.htm,sha256:7cbacdbcea8834be6591226dfc8c0f1714bbf7006a0b2dff300f3112f1c26489,"roster resolves 3/3 rows to: motor carrier act, 1935",2026-08-23,pinned,3,
MCSA,2126,motor carrier safety act of 1984,98-554,act-index+existing-roster,https://uscode.house.gov/popularnames/popularnames.htm,sha256:7cbacdbcea8834be6591226dfc8c0f1714bbf7006a0b2dff300f3112f1c26489,roster resolves 3/3 rows to: motor carrier safety act of 1984,2026-08-23,pinned,3,
MIPPA,0938,medicare improvements for patients and providers act of 2008,110-275,act-index+existing-roster,https://uscode.house.gov/popularnames/popularnames.htm,sha256:7cbacdbcea8834be6591226dfc8c0f1714bbf7006a0b2dff300f3112f1c26489,abstract states an act name the pinned index carries verbatim: 'medicare improvements for patients and providers act of 2008',2026-08-23,pinned,32,
MMA,"0917,0938","medicare prescription drug, improvement, and modernization act of 2003",108-173,act-index+existing-roster,https://uscode.house.gov/popularnames/popularnames.htm,sha256:7cbacdbcea8834be6591226dfc8c0f1714bbf7006a0b2dff300f3112f1c26489,"roster resolves 8/14 rows to: medicare prescription drug, improvement, and modernization act of 2003, medicare, medicaid, and schip balanced budget refinement act of 1999, medicare, medicaid, and schip benefits improvement and protection act of 2000",2026-08-23,pinned,14,"ambiguous nationally: at CMS/IHS (rin 0917, 0938) 'MMA' consistently means the Medicare Prescription Drug, Improvement, and Modernization Act of 2003 in this corpus (roster-resolved for 8/14 rows), but the same three letters commonly name other acts elsewhere (e.g. the Magnuson-Moss Warranty Act) -- the roster key should be (MMA, agency)."
MMEA,0938,Medicare and Medicaid Extenders Act of 2010,111-309,act-index,https://uscode.house.gov/popularnames/popularnames.htm,sha256:7cbacdbcea8834be6591226dfc8c0f1714bbf7006a0b2dff300f3112f1c26489,"corpus text 'MIPPA sec 153(c), MMEA' / 'MMEA, Sec 102' (rin 0938=CMS); act index confirms 'Medicare and Medicaid Extenders Act of 2010' at 111-309, exact-initials match, and it amends MIPPA sec. 153 in reality.",2026-08-23,pinned,3,
MMPA,0648,Marine Mammal Protection Act of 1972,92-522,act-index,https://uscode.house.gov/popularnames/popularnames.htm,sha256:7cbacdbcea8834be6591226dfc8c0f1714bbf7006a0b2dff300f3112f1c26489,"corpus text 'MMPA 101(a)(5)(A)' / 'MMPA, 16 U.S.C. 1361 et seq.' (rin 0648=NOAA Fisheries); act index confirms 'Marine Mammal Protection Act of 1972' at 92-522, and 16 U.S.C. 1361 is that act's own codification start.",2026-08-23,pinned,1,
MMSEA,0938,"Medicare, Medicaid, and SCHIP Extension Act of 2007",110-173,act-index,https://uscode.house.gov/popularnames/popularnames.htm,sha256:7cbacdbcea8834be6591226dfc8c0f1714bbf7006a0b2dff300f3112f1c26489,"corpus text is bare 'MMSEA' (rin 0938=CMS); act index resolves 'Medicare, Medicaid, and SCHIP Extension Act of 2007' (Section 111 MSP reporting) to 110-173, exact-initials match.",2026-08-23,pinned,4,
MSCFMA,0648,Magnuson-Stevens Fishery Conservation and Management Act,94-265,act-index,https://uscode.house.gov/popularnames/popularnames.htm,sha256:7cbacdbcea8834be6591226dfc8c0f1714bbf7006a0b2dff300f3112f1c26489,"corpus text is bare 'MSCFMA' (rin 0648=NOAA Fisheries, exactly the agency that administers this act). The act index confirms 'Magnuson-Stevens Fishery Conservation and Management Act' at 94-265, but the standard public abbreviation is MSFCMA/MSA -- 'MSCFMA' transposes two letters. No document was found using 'MSCFMA' literally, so the letter-for-letter identity is contextual, not quoted.",2026-08-23,belief-only,1,
NAFTA,"1400,1615",,none,not-applicable,,,"corpus text 'North American Free Trade Agreement (NAFTA)' (rin 1400=State, 1615=USCIS) -- a trade agreement/treaty, not a U.S. statute with an OLRC popular-name entry (confirmed absent from the pinned act index, as expected for a treaty).",,not-an-act:treaty,16,
NDAA,"0348,0720,0790,1400,1601,2133,3206",National Defense Authorization Act for Fiscal Year {YYYY} (year-qualified; the record must state or imply the fiscal year),"varies by year: e.g. 110-417 (FY2009), 112-239 (FY2013), 116-283 (FY2021), 117-263 (FY2023)",act-index+corpus-pl-number,https://uscode.house.gov/popularnames/popularnames.htm,sha256:7cbacdbcea8834be6591226dfc8c0f1714bbf7006a0b2dff300f3112f1c26489,"corpus text 'NDAA 2021, sec. 702' (rin 0720-AB87); act index confirms 'National Defense Authorization Act for Fiscal Year 2021' resolves to 116-283 (which is also aliased from the officially-named 'William M. (Mac) Thornberry National Defense Authorization Act for Fiscal Year 2021'). Bare 'NDAA' with no year does not resolve -- 'National Defense Authorization Act' alone is not a listed name (it is enacted anew, with a new Congress-assigned name, every fiscal year).",2026-08-23,ambiguous,13,"Not agency-ambiguous, but YEAR-ambiguous: (initialism, agency) is not enough; the roster key must be (initialism, fiscal year)."
NDAA-17,0720,national defense authorization act for fiscal year 2017,114-328,act-index+existing-roster,https://uscode.house.gov/popularnames/popularnames.htm,sha256:7cbacdbcea8834be6591226dfc8c0f1714bbf7006a0b2dff300f3112f1c26489,abstract states an act name the pinned index carries verbatim: 'national defense authorization act for fiscal year 2017',2026-08-23,pinned,25,
NEPA,"0412,1090,2020,2127,2700,3084",national environmental policy act of 1969,91-190,act-index+existing-roster,https://uscode.house.gov/popularnames/popularnames.htm,sha256:7cbacdbcea8834be6591226dfc8c0f1714bbf7006a0b2dff300f3112f1c26489,abstract states an act name the pinned index carries verbatim: 'national environmental policy act of 1969',2026-08-23,pinned,15,
NPHA,0648,Northern Pacific Halibut Act of 1982,97-176,act-index,https://uscode.house.gov/popularnames/popularnames.htm,sha256:7cbacdbcea8834be6591226dfc8c0f1714bbf7006a0b2dff300f3112f1c26489,corpus text 'North Pacific Halibut Act of 1982 (NPHA)' is self-glossing; act index carries it as 'Northern Pacific Halibut Act of 1982' at 97-176 -- note the spelling difference ('Northern' vs the corpus's 'North').,2026-08-23,pinned,1,
NPI,0938,,none,not-applicable,,,"corpus text 'NPI final rule (01/23/2004)' (rin 0938=CMS) -- National Provider Identifier, a CMS-assigned identifier scheme (established by an HIPAA rule), not itself an act.",,not-an-act:identifier,6,
NPS,0938,,none,not-applicable,,,"corpus text 'NPS System of Records (07/28/1998)' (rin 0938=CMS) -- a named Privacy Act system-of-records, not an act. Elsewhere in federal usage 'NPS' commonly means the National Park Service (an agency); the corpus's own occurrences are all the CMS system-of-records sense.",,ambiguous,6,
OL,0991,,none,not-applicable,,,"corpus text 'OL 111-148, sec 3301, sec 6402' (rin 0991=ONC/HHS) -- almost certainly a garbled 'PL' (Public Law): 111-148 is the Affordable Care Act's real public law number.",,not-an-act:identifier,1,
OSH,1218,Occupational Safety and Health Act of 1970,91-596,act-index,https://uscode.house.gov/popularnames/popularnames.htm,sha256:7cbacdbcea8834be6591226dfc8c0f1714bbf7006a0b2dff300f3112f1c26489,"corpus text 'Section 6(b)(1) and 7(b) of the OSH Act'; act index resolves 'Occupational Safety and Health Act of 1970' to 91-596 (rin prefix 1218 = OSHA). FR full-text search for '(OSH Act)' returns 1,388 documents but none surfaced the gloss inside an abstract snippet within budget.",2026-08-23,pinned,6,
PHA,"0906,0920",public health service act,1944:373,act-index+existing-roster,https://uscode.house.gov/popularnames/popularnames.htm,sha256:7cbacdbcea8834be6591226dfc8c0f1714bbf7006a0b2dff300f3112f1c26489,roster resolves 3/3 rows to: public health service act,2026-08-23,pinned,3,
PHS,"0906,0910,0920,0930,0937,0938,0950,1210",Public Health Service Act,1944:373,federal-register-document,https://www.federalregister.gov/documents/2024/12/09/2024-28748/notice-of-availability-of-draft-health-center-program-scope-policy-manual-guidance,sha256:f081cd2f42ce708f084c11aad45958e3147b9149714b318621212146bfdba746,HRSA requests public comments on the Draft Health Center Program Scope of Project Manual ... under the Public Health Service Act (PHS Act).,2026-08-23,pinned,58,
PHSA,0906,public health service act,1944:373,act-index+existing-roster,https://uscode.house.gov/popularnames/popularnames.htm,sha256:7cbacdbcea8834be6591226dfc8c0f1714bbf7006a0b2dff300f3112f1c26489,roster resolves 4/4 rows to: public health service act,2026-08-23,pinned,4,
PPA,"0348,2025,2070",pollution prevention act of 1990,101-508,act-index+existing-roster,https://uscode.house.gov/popularnames/popularnames.htm,sha256:7cbacdbcea8834be6591226dfc8c0f1714bbf7006a0b2dff300f3112f1c26489,abstract states an act name the pinned index carries verbatim: 'pollution prevention act of 1990'; roster resolves 4/5 rows to: pollution prevention act of 1990,2026-08-23,pinned,5,
PPAC,"0906,0917,0991",Patient Protection and Affordable Care Act,111-148,act-index+corpus-pl-number,https://uscode.house.gov/popularnames/popularnames.htm,sha256:7cbacdbcea8834be6591226dfc8c0f1714bbf7006a0b2dff300f3112f1c26489,"corpus text 'IHCI Act as amended by PL 111-148, sec 10221 PPAC Act' names PL 111-148 directly beside 'PPAC Act'; index confirms 111-148 = Patient Protection and Affordable Care Act. 'PPAC' itself is missing the trailing 'A' of the standard PPACA initialism (the word 'Act' is written out separately after it).",2026-08-23,pinned,6,
PPACA,0938,Patient Protection and Affordable Care Act,111-148,act-index+corpus-pl-number,https://uscode.house.gov/popularnames/popularnames.htm,sha256:7cbacdbcea8834be6591226dfc8c0f1714bbf7006a0b2dff300f3112f1c26489,"corpus text 'BBA, BA, BIPA, MMA, PL 111.148' names PL 111-148 (period-formatted) alongside 'PPACA' in the parallel row 'BBA, BA, BIPA, MMA, PPACA'; act index resolves 111-148 to 'Patient Protection and Affordable Care Act', exact-initials match (P-P-A-C-A).",2026-08-23,pinned,1,
PPRA,0938,,none,none,,,"corpus text is the bare token 'PPRA' with zero surrounding context (rin 0938=CMS, RULE_TITLE 'Changes to the Hospital Outpatient Prospective Payment System... for CY 2009'). The only 'PPRA' the pinned act index resolves is the 'Protection of Pupil Rights Amendment' (90-247, an education/FERPA-family statute) -- an implausible match for a CMS hospital-payment rule. Multiple FR API searches (agency-restricted and broad) found no CMS document glossing a distinct 'PPRA'. Left unresolved.",,belief-only,6,
PRWORA,"0938,1205",Personal Responsibility and Work Opportunity Reconciliation Act of 1996,104-193,act-index+corpus-pl-number,,,"corpus text '8 U.S.C. 1601 et seq., Pub. L. 104-193, Personal Responsibility and Work Opportunity Reconciliation Act of 1996 (PRWORA)' -- self-glossing AND PL-verified.",n/a,pinned,2,
RCRA,"2050,2060,2070,2090",resource conservation and recovery act of 1976,94-580,act-index+existing-roster,https://uscode.house.gov/popularnames/popularnames.htm,sha256:7cbacdbcea8834be6591226dfc8c0f1714bbf7006a0b2dff300f3112f1c26489,abstract states an act name the pinned index carries verbatim: 'resource conservation and recovery act of 1976'; roster resolves 11/11 rows to: resource conservation and recovery act of 1976,2026-08-23,pinned,11,
REAL,1601,REAL ID Act of 2005,109-13,act-index,https://uscode.house.gov/popularnames/popularnames.htm,sha256:7cbacdbcea8834be6591226dfc8c0f1714bbf7006a0b2dff300f3112f1c26489,"corpus text 'Division B--REAL ID Act of 2005' is self-glossing; act index confirms 'REAL ID Act of 2005' at 109-13 (Division B of Pub. L. 109-13, the FY2005 Emergency Supplemental Appropriations Act).",2026-08-23,pinned,8,
SAFE,"1515,3133",ambiguous: Security and Accountability for Every Port Act of 2006 (rin 1515=CBP/ICE) vs. Secure and Fair Enforcement for Mortgage Licensing Act of 2008 (rin 3133=NCUA),109-347 or 110-289 (agency-dependent),act-index,https://uscode.house.gov/popularnames/popularnames.htm,sha256:7cbacdbcea8834be6591226dfc8c0f1714bbf7006a0b2dff300f3112f1c26489,"corpus text 'Security and Accountability for Every (SAFE) Port Act of 2006' (rin 1515) is self-glossing and resolves to 109-347. corpus text 'SAFE Mortgage Licensing Act' (rin 3133=NCUA) is close to, but not exactly, OLRC's own wording 'Secure and Fair Enforcement for Mortgage Licensing Act of 2008' (110-289). OLRC's popularnames.htm additionally carries a THIRD, unrelated 'SAFE' (the organized-retail-crime 'Strengthening and Focusing Enforcement...Act'), confirming this initialism is genuinely multi-way ambiguous and must be agency-scoped.",2026-08-23,ambiguous,4,
SAFTEA,2126,"Safe, Accountable, Flexible, Efficient Transportation Equity Act: A Legacy for Users (SAFETEA-LU)",109-59,olrc-popular-names-table,https://uscode.house.gov/popularnames/popularnames.htm,sha256:7cbacdbcea8834be6591226dfc8c0f1714bbf7006a0b2dff300f3112f1c26489,"<p class='popular-name-information' content-type='also-known-as'>Also known as SAFETEA-LU</p> [under 'Safe, Accountable, Flexible, Efficient Transportation Equity Act: A Legacy for Users', Pub. L. 109-59]",2026-08-23,pinned,6,
SAPT,0930,Substance Abuse Prevention and Treatment Block Grant,none,corpus-context,,,"Same box as CMHS (rin 0930=SAMHSA), 'Sections 1911 through 1956 of the ... PHS Act' -- SAPT names the companion block-grant program (PHS Act title XIX-B, part B), not a separate act.",,not-an-act:identifier,3,
SCHIP,0938,State Children's Health Insurance Program,none,corpus-context,,,"corpus text 'Sec 522 of the Medicare, Medicaid, and SCHIP Benefits Improvement and Protection Act of 2000' (rin 0938=CMS) -- SCHIP names the PROGRAM (Social Security Act title XXI), which appears as a word inside several amending acts' own titles (BIPA, BBRA, MMSEA) rather than having its own OLRC popular-name entry.",,not-an-act:identifier,4,
SDWA,"2020,2040,2070",safe drinking water act,1944:373,act-index+existing-roster,https://uscode.house.gov/popularnames/popularnames.htm,sha256:7cbacdbcea8834be6591226dfc8c0f1714bbf7006a0b2dff300f3112f1c26489,abstract states an act name the pinned index carries verbatim: 'safe drinking water act'; roster resolves 6/6 rows to: safe drinking water act,2026-08-23,pinned,6,
SMART,0938,Strengthening Medicare and Repaying Taxpayers Act of 2012,none,federal-register-document,https://www.federalregister.gov/documents/2015/02/27/2015-04143/medicare-program-right-of-appeal-for-medicare-secondary-payer-determinations-relating-to-liability,sha256:20af5dca25add9226869db113fb123e4987e9c879e1e8a46251ccdc21b7d9990,This final rule implements provisions of the Strengthening Medicare and Repaying Taxpayers Act of 2012 (SMART Act) which require us to provide a right of appeal...,2026-08-23,pinned,6,Not found in the pinned act index under this or the alternate 'Medicare IVIG and Strengthening...' wording -- pinned by FR document alone.
SS,"0906,0936,0938",Social Security Act,1935:531,act-index,https://uscode.house.gov/popularnames/popularnames.htm,sha256:7cbacdbcea8834be6591226dfc8c0f1714bbf7006a0b2dff300f3112f1c26489,"corpus text 'sec 371 to 375, PHS Act, sec 1138, SS Act' -- 'SS Act' sits beside 'PHS Act' in the identical unglossed style ('sec 1138' is a real Social Security Act section); act index confirms 'Social Security Act' at 1935:531. No document found using 'SS Act' as a distinct citation form (SSA is the standard 3-letter form), so this is contextual, not quoted.",2026-08-23,belief-only,4,
SSA,"0936,0938,0985,0991,2502,2510",social security act,1935:531,act-index+existing-roster,https://uscode.house.gov/popularnames/popularnames.htm,sha256:7cbacdbcea8834be6591226dfc8c0f1714bbf7006a0b2dff300f3112f1c26489,roster resolves 7/7 rows to: social security act,2026-08-23,pinned,7,
SUC,2120,,none,not-applicable,,,corpus text '49 SUC 45102 to 45103' (rin 2120=FAA) -- 49 U.S.C. 45102-45103 (airport noise/aviation programs) is a real citation; 'SUC' is the same USC-citation-artifact family even though it does not begin with 'US' like the others.,,not-an-act:identifier,5,
SWDA,"2040,2090",solid waste disposal act,89-272,act-index+existing-roster,https://uscode.house.gov/popularnames/popularnames.htm,sha256:7cbacdbcea8834be6591226dfc8c0f1714bbf7006a0b2dff300f3112f1c26489,roster resolves 2/2 rows to: solid waste disposal act,2026-08-23,pinned,2,
TD,1512,,none,not-applicable,,,"corpus text 'TD 120-01 (formerly TD 221)' (rin 1512=TTB/Treasury) -- Treasury Decision, a numbered Treasury/Customs directive series, not a statute.",,not-an-act:directive,1,
TEA-21,"2105,2126",Transportation Equity Act for the 21st Century,105-178,federal-register-document,https://www.federalregister.gov/documents/1998/07/28/98-20119/tea-21-listening-sessions-and-one-dot-conferences,sha256:d54746d6362138e1b2d88562d8ca7047b8242f4030613f4141c1b8f3641e82b0,"The Transportation Equity Act for the 21st Century (TEA-21) was signed into law on June 9, 1998.",2026-08-23,pinned,20,
TPTCC,0938,,none,none,,,"corpus text 'TPTCC, sec 302' (rin 0938=CMS) -- no hypothesis found; not in the pinned index under any name tried, and too obscure (1 row) to spend further fetch budget on.",,belief-only,1,
TSCA,"2050,2060,2070",toxic substances control act,94-469,act-index+existing-roster,https://uscode.house.gov/popularnames/popularnames.htm,sha256:7cbacdbcea8834be6591226dfc8c0f1714bbf7006a0b2dff300f3112f1c26489,abstract states an act name the pinned index carries verbatim: 'toxic substances control act'; roster resolves 13/14 rows to: toxic substances control act,2026-08-23,pinned,14,
UCMJ,0702,Uniform Code of Military Justice,none,corpus-context,,,"corpus text 'Articles 123a, 133, and 134, Uniform Code of Military Justice (UCMJ)' (rin 0702) is fully self-glossing and UCMJ is a real, universally-known statute (10 U.S.C. ch. 47) -- but it does not resolve in the pinned act index under any wording tried ('Uniform Code of Military Justice', '..., 1950', 'Act of May 5, 1950'), so it cannot be called index-pinned; kept belief-only on the evidence bar this roster uses even though the fact itself is not in doubt.",,belief-only,1,
UDC,2502,,none,not-applicable,,,corpus text '12 UDC 1735(f)-14' (rin 2502=HUD) -- reads as a garbled '12 U.S.C. 1735f-14' (a real National Housing Act section); same USC-citation-artifact family as USE/USO/USD/etc.,,not-an-act:identifier,3,
UMTRCA,2060,uranium mill tailings radiation control act of 1978,95-604,act-index+existing-roster,https://uscode.house.gov/popularnames/popularnames.htm,sha256:7cbacdbcea8834be6591226dfc8c0f1714bbf7006a0b2dff300f3112f1c26489,abstract states an act name the pinned index carries verbatim: 'uranium mill tailings radiation control act of 1978',2026-08-23,pinned,10,
USA,"1506,1902","ambiguous: the pinned index's ONLY literal '(USA)' parenthetical is 'Uninterrupted Scholars Act (USA)' (112-278), which is almost certainly NOT what this corpus intends -- the broader corpus scan finds 'USA' used both as part of 'USA PATRIOT Act' (rin 1506) and as a likely USC-citation artifact '49 USA app 1 to 85' (rin 1902, same 'Title# + garbled-USC' family as USE/USO/USD/etc.)","112-278 (Uninterrupted Scholars Act, likely a false match) / none (USC-citation-artifact reading) / see 107-56 for USA PATRIOT Act",act-index-direct,https://uscode.house.gov/popularnames/popularnames.htm,sha256:7cbacdbcea8834be6591226dfc8c0f1714bbf7006a0b2dff300f3112f1c26489,"popularnames.htm's only exact '(USA)' match is under 'Uninterrupted Scholars Act', an education/FERPA-adjacent 2013 act (Pub. L. 112-278) with no obvious fit to this corpus's agency mix; the token-level 'direct index hit' this session's automated scan reported is very likely a coincidental match, not the sense the row intends.",2026-08-23,ambiguous,1,
USAC,3235,,none,not-applicable,,,corpus text '15 USAC 80b-78w(a)' / '15 USAC 77s(a)' (rin 3235=SEC) -- reads as garbled '15 U.S.C. 80b-...' and '15 U.S.C. 77s(a)' (Investment Advisers Act / Securities Act sections); same USC-citation-artifact family.,,not-an-act:identifier,2,
USCC,0960,,none,not-applicable,,,corpus text '42 USCC 1382' (rin 0960=SSA) -- reads as a garbled '42 U.S.C. 1382' (the SSI benefits section); same USC-citation-artifact family.,,not-an-act:identifier,2,
USCG,1625,,none,not-applicable,,,"corpus text '33 USCG 1231' (rin 1625=U.S. Coast Guard) -- reads as the same 'Title# + garbled-USC + Section#' shape as the rest of the USC-citation-artifact family (33 U.S.C. 1231, Ports and Waterways Safety Act), but the letters also coincide exactly with the issuing agency's own initials (U.S. Coast Guard), which is genuinely issuing this RIN -- the roster cannot tell the two readings apart from this text alone.",,ambiguous,2,
USCU,1513,,none,not-applicable,,,corpus text '26 USCU.S.C. 5061 to 5064' (rin 1513=TTB) -- the literal string shows the corruption in progress ('USC' immediately followed by 'U.S.C.'); same USC-citation-artifact family.,,not-an-act:identifier,1,
USD,0790,,none,not-applicable,,,corpus text '38 USD ch 43' (rin 0790=DoD) -- reads as a garbled '38 U.S.C. ch. 43' (USERRA's own title/chapter); same USC-citation-artifact family.,,not-an-act:identifier,1,
USDC,2900,,none,not-applicable,,,"corpus text 'Nehmer v. U.S. Department of Veterans Affairs, No. C86-06160 WHA, USDC' (rin 2900=VA) -- 'USDC' = United States District Court, part of a litigation case citation, not a statute.",,not-an-act:reporter,1,
USE,1018,,none,not-applicable,,,"corpus text '16 USE 715(i)' (rin 1018) -- reads as a garbled '16 U.S.C. 715(i)' (a real Migratory Bird Conservation Act section); part of a family of USC-citation OCR/typo artifacts in this corpus (USE, USO, USD, USAC, USCC, USCU, YSC, SUC, UUSC all show the same Title# + garbled-USC + Section# shape).",,not-an-act:identifier,1,
USHA,2577,United States Housing Act of 1937,1937:896,act-index,https://uscode.house.gov/popularnames/popularnames.htm,sha256:7cbacdbcea8834be6591226dfc8c0f1714bbf7006a0b2dff300f3112f1c26489,corpus text 'USHA of 1937' / 'Section 3(a)(2)(B) of the USHA of 1937' (rin 2577=HUD) is self-glossing with the year; act index confirms 'United States Housing Act of 1937' at 1937:896.,2026-08-23,pinned,4,
USO,0919,,none,not-applicable,,,corpus text '42 USO 299b-12 to 299b-26' (rin 0919) -- reads as a garbled '42 U.S.C. 299b-12' (Patient Safety and Quality Improvement Act codification); same USC-citation-artifact family as USE.,,not-an-act:identifier,3,
USPHSA,0938,Public Health Service Act,1944:373,act-index,https://uscode.house.gov/popularnames/popularnames.htm,sha256:7cbacdbcea8834be6591226dfc8c0f1714bbf7006a0b2dff300f3112f1c26489,"corpus text 'USPHSA, sec 353' (rin 0938=CMS) -- 'USPHSA' spells out 'U.S. Public Health Service Act', same act as PHS/PHSA/PHA, index-confirmed at 1944:373 under the shorter 'Public Health Service Act'.",2026-08-23,pinned,3,
UUSC,3206,,none,not-applicable,,,corpus text '5 UUSC 1305' (rin 3206=OPM) -- reads as a garbled '5 U.S.C. 1305' (Hatch Act-adjacent Title 5 provision); same USC-citation-artifact family.,,not-an-act:identifier,1,
VCDR,1400,Vienna Convention on Diplomatic Relations,none,corpus-context,,,"corpus text is the bare token 'VCDR' with no gloss (rin 1400=Department of State, the treaty-depositary-adjacent agency). Confirmed absent from the pinned act index (as expected for a treaty, like NAFTA); the expansion itself is contextual, not quoted.",,not-an-act:treaty,2,
VGBA,3041,virginia graeme baker pool and spa safety act,110-140,act-index+existing-roster,https://uscode.house.gov/popularnames/popularnames.htm,sha256:7cbacdbcea8834be6591226dfc8c0f1714bbf7006a0b2dff300f3112f1c26489,abstract states an act name the pinned index carries verbatim: 'virginia graeme baker pool and spa safety act',2026-08-23,pinned,1,
WHA,2900,,none,not-applicable,,,"corpus text 'Nehmer v. U.S. Department of Veterans Affairs, No. C86-06160 WHA, USDC' (rin 2900=VA) -- 'WHA' are a federal judge's initials embedded in the docket number (N.D. Cal. convention), not an initialism of any act.",,not-an-act:identifier,1,
WSARA,0750,Weapon Systems Acquisition Reform Act of 2009,111-23,act-index,https://uscode.house.gov/popularnames/popularnames.htm,sha256:7cbacdbcea8834be6591226dfc8c0f1714bbf7006a0b2dff300f3112f1c26489,"corpus abstract self-glosses '(WSARA)' next to 'Weapon System Reform Act of 2009' / 'Weapons System Acquisition Reform Act of 2009' -- neither exact wording is in the index. OLRC's own spelling is 'Weapon Systems Acquisition Reform Act of 2009' (Systems plural, Weapon singular), which resolves cleanly to 111-23. The earlier pop_b measurement's 'abstract_name_in_act_index: []' was a pure wording mismatch, not a real absence.",2026-08-23,pinned,3,
WSC,3072,,none,not-applicable,,,"corpus text 'WSC v. FMC, No. 24-1088 (CADC Sept. 23, 2025)' -- 'WSC' names a litigation party (World Shipping Council), not an act.",,not-an-act:identifier,1,
YSC,0572,,none,not-applicable,,,corpus text '40 YSC 1480' (rin 0572) -- reads as a garbled '40 U.S.C. 1480'; same USC-citation-artifact family.,,not-an-act:identifier,1,
